game_id,timestamp,result,mode,planning,planning_params,army_a,army_b,round,player,unit,action,shoot_target,charge_target,value_before,value_after,value_delta,shadow_unit,shadow_action,shadow_reason,shadow_charge_target,shadow_shoot_target,shadow_value,diverged,shadow_dest,shadow_dest_shoot_target,shadow_pos_shoot_target
20260420_224831,2026-04-20T22:48:31.954052,win,objectives,True,"K=4,C=4,M=32,N=6","HoF_ml rank #16 (1975pts): heavy_jetbike, elemental_protectors, great_elemental, retributors, retributors, protectors, jetbike_protectors, shifters, shifters, elemental_strikers","HoF_ml #19 (1995pts): great_elemental, protectors_combined, shifters, retributors, scorchers_combined, gliders, jetbike_strikers, protectors, support_artillery, acolytes",1,A,Player A's Heavy Jetbike,advance,Player B's Gliders,,0.2533,0.2785,0.0253,Player A's Elemental Strikers,rush,model chose rush,,,0.0000,True,"16,15",Player B's Gliders,Player B's Gliders
20260420_224831,2026-04-20T22:48:31.954089,win,objectives,True,"K=4,C=4,M=32,N=6","HoF_ml rank #16 (1975pts): heavy_jetbike, elemental_protectors, great_elemental, retributors, retributors, protectors, jetbike_protectors, shifters, shifters, elemental_strikers","HoF_ml #19 (1995pts): great_elemental, protectors_combined, shifters, retributors, scorchers_combined, gliders, jetbike_strikers, protectors, support_artillery, acolytes",1,B,Player B's Jetbike Strikers,rush,,,-0.1447,-0.1558,-0.0111,,,,,,,False,,,
20260420_224831,2026-04-20T22:48:31.954110,win,objectives,True,"K=4,C=4,M=32,N=6","HoF_ml rank #16 (1975pts): heavy_jetbike, elemental_protectors, great_elemental, retributors, retributors, protectors, jetbike_protectors, shifters, shifters, elemental_strikers","HoF_ml #19 (1995pts): great_elemental, protectors_combined, shifters, retributors, scorchers_combined, gliders, jetbike_strikers, protectors, support_artillery, acolytes",1,A,Player A's Retributors 1,advance,,,0.2417,0.2549,0.0132,Player A's Elemental Strikers,rush,model chose rush,,,0.0000,True,"43,15",,
20260420_224831,2026-04-20T22:48:31.954152,win,objectives,True,"K=4,C=4,M=32,N=6","HoF_ml rank #16 (1975pts): heavy_jetbike, elemental_protectors, great_elemental, retributors, retributors, protectors, jetbike_protectors, shifters, shifters, elemental_strikers","HoF_ml #19 (1995pts): great_elemental, protectors_combined, shifters, retributors, scorchers_combined, gliders, jetbike_strikers, protectors, support_artillery, acolytes",1,B,Player B's Protectors,rush,,,-0.1670,-0.1578,0.0092,,,,,,,False,,,
20260420_224831,2026-04-20T22:48:31.954171,win,objectives,True,"K=4,C=4,M=32,N=6","HoF_ml rank #16 (1975pts): heavy_jetbike, elemental_protectors, great_elemental, retributors, retributors, protectors, jetbike_protectors, shifters, shifters, elemental_strikers","HoF_ml #19 (1995pts): great_elemental, protectors_combined, shifters, retributors, scorchers_combined, gliders, jetbike_strikers, protectors, support_artillery, acolytes",1,A,Player A's Elemental Strikers,rush,,,0.2035,0.2151,0.0116,Player A's Jetbike Protectors,rush,model chose rush,,,0.0000,True,"61,21",,
20260420_224831,2026-04-20T22:48:31.954206,win,objectives,True,"K=4,C=4,M=32,N=6","HoF_ml rank #16 (1975pts): heavy_jetbike, elemental_protectors, great_elemental, retributors, retributors, protectors, jetbike_protectors, shifters, shifters, elemental_strikers","HoF_ml #19 (1995pts): great_elemental, protectors_combined, shifters, retributors, scorchers_combined, gliders, jetbike_strikers, protectors, support_artillery, acolytes",1,B,Player B's Scorchers (Combined),rush,,,-0.1296,-0.1505,-0.0209,,,,,,,False,,,
20260420_224831,2026-04-20T22:48:31.954223,win,objectives,True,"K=4,C=4,M=32,N=6","HoF_ml rank #16 (1975pts): heavy_jetbike, elemental_protectors, great_elemental, retributors, retributors, protectors, jetbike_protectors, shifters, shifters, elemental_strikers","HoF_ml #19 (1995pts): great_elemental, protectors_combined, shifters, retributors, scorchers_combined, gliders, jetbike_strikers, protectors, support_artillery, acolytes",1,A,Player A's Retributors 2,advance,,,0.2642,0.2486,-0.0156,Player A's Jetbike Protectors,rush,model chose rush,,,0.0000,True,"31,9",,
20260420_224831,2026-04-20T22:48:31.954241,win,objectives,True,"K=4,C=4,M=32,N=6","HoF_ml rank #16 (1975pts): heavy_jetbike, elemental_protectors, great_elemental, retributors, retributors, protectors, jetbike_protectors, shifters, shifters, elemental_strikers","HoF_ml #19 (1995pts): great_elemental, protectors_combined, shifters, retributors, scorchers_combined, gliders, jetbike_strikers, protectors, support_artillery, acolytes",1,B,Player B's Gliders,advance,,,-0.1478,-0.0624,0.0854,,,,,,,False,,,
20260420_224831,2026-04-20T22:48:31.954279,win,objectives,True,"K=4,C=4,M=32,N=6","HoF_ml rank #16 (1975pts): heavy_jetbike, elemental_protectors, great_elemental, retributors, retributors, protectors, jetbike_protectors, shifters, shifters, elemental_strikers","HoF_ml #19 (1995pts): great_elemental, protectors_combined, shifters, retributors, scorchers_combined, gliders, jetbike_strikers, protectors, support_artillery, acolytes",1,A,Player A's Jetbike Protectors,advance,,,0.1452,0.2262,0.0810,Player A's Jetbike Protectors,rush,model chose rush,,,0.0000,True,"46,20",,
20260420_224831,2026-04-20T22:48:31.954299,win,objectives,True,"K=4,C=4,M=32,N=6","HoF_ml rank #16 (1975pts): heavy_jetbike, elemental_protectors, great_elemental, retributors, retributors, protectors, jetbike_protectors, shifters, shifters, elemental_strikers","HoF_ml #19 (1995pts): great_elemental, protectors_combined, shifters, retributors, scorchers_combined, gliders, jetbike_strikers, protectors, support_artillery, acolytes",1,B,Player B's Acolytes,rush,,,-0.1297,-0.0939,0.0358,,,,,,,False,,,
20260420_224831,2026-04-20T22:48:31.954332,win,objectives,True,"K=4,C=4,M=32,N=6","HoF_ml rank #16 (1975pts): heavy_jetbike, elemental_protectors, great_elemental, retributors, retributors, protectors, jetbike_protectors, shifters, shifters, elemental_strikers","HoF_ml #19 (1995pts): great_elemental, protectors_combined, shifters, retributors, scorchers_combined, gliders, jetbike_strikers, protectors, support_artillery, acolytes",1,A,Player A's Protectors,rush,,,0.1283,0.2017,0.0734,Player A's Protectors,rush,model chose rush,,,0.0000,False,"36,5",,
20260420_224831,2026-04-20T22:48:31.954350,win,objectives,True,"K=4,C=4,M=32,N=6","HoF_ml rank #16 (1975pts): heavy_jetbike, elemental_protectors, great_elemental, retributors, retributors, protectors, jetbike_protectors, shifters, shifters, elemental_strikers","HoF_ml #19 (1995pts): great_elemental, protectors_combined, shifters, retributors, scorchers_combined, gliders, jetbike_strikers, protectors, support_artillery, acolytes",1,B,Player B's Great Elemental,rush,,,-0.1446,-0.2254,-0.0807,,,,,,,False,,,
20260420_224831,2026-04-20T22:48:31.954367,win,objectives,True,"K=4,C=4,M=32,N=6","HoF_ml rank #16 (1975pts): heavy_jetbike, elemental_protectors, great_elemental, retributors, retributors, protectors, jetbike_protectors, shifters, shifters, elemental_strikers","HoF_ml #19 (1995pts): great_elemental, protectors_combined, shifters, retributors, scorchers_combined, gliders, jetbike_strikers, protectors, support_artillery, acolytes",1,A,Player A's Great Elemental,rush,,,0.2654,0.2969,0.0315,Player A's Shifters 1,advance,model chose advance,,Player B's Great Elemental,0.0000,True,"30,16",,
20260420_224831,2026-04-20T22:48:31.954408,win,objectives,True,"K=4,C=4,M=32,N=6","HoF_ml rank #16 (1975pts): heavy_jetbike, elemental_protectors, great_elemental, retributors, retributors, protectors, jetbike_protectors, shifters, shifters, elemental_strikers","HoF_ml #19 (1995pts): great_elemental, protectors_combined, shifters, retributors, scorchers_combined, gliders, jetbike_strikers, protectors, support_artillery, acolytes",1,B,Player B's Shifters,advance,,,-0.1807,-0.2908,-0.1101,,,,,,,False,,,
20260420_224831,2026-04-20T22:48:31.954426,win,objectives,True,"K=4,C=4,M=32,N=6","HoF_ml rank #16 (1975pts): heavy_jetbike, elemental_protectors, great_elemental, retributors, retributors, protectors, jetbike_protectors, shifters, shifters, elemental_strikers","HoF_ml #19 (1995pts): great_elemental, protectors_combined, shifters, retributors, scorchers_combined, gliders, jetbike_strikers, protectors, support_artillery, acolytes",1,A,Player A's Elemental Protectors,advance,Player B's Shifters,,0.3942,0.4349,0.0407,Player A's Shifters 1,advance,model chose advance,,Player B's Great Elemental,0.0000,True,"16,10",,
20260420_224831,2026-04-20T22:48:31.998044,win,objectives,True,"K=4,C=4,M=32,N=6","HoF_ml rank #16 (1975pts): heavy_jetbike, elemental_protectors, great_elemental, retributors, retributors, protectors, jetbike_protectors, shifters, shifters, elemental_strikers","HoF_ml #19 (1995pts): great_elemental, protectors_combined, shifters, retributors, scorchers_combined, gliders, jetbike_strikers, protectors, support_artillery, acolytes",1,B,Player B's Protectors (Combined),rush,,,-0.3752,-0.3803,-0.0051,,,,,,,False,,,
20260420_224831,2026-04-20T22:48:31.998069,win,objectives,True,"K=4,C=4,M=32,N=6","HoF_ml rank #16 (1975pts): heavy_jetbike, elemental_protectors, great_elemental, retributors, retributors, protectors, jetbike_protectors, shifters, shifters, elemental_strikers","HoF_ml #19 (1995pts): great_elemental, protectors_combined, shifters, retributors, scorchers_combined, gliders, jetbike_strikers, protectors, support_artillery, acolytes",1,A,Player A's Shifters 1,advance,Player B's Great Elemental,,0.4565,0.4378,-0.0187,Player A's Shifters 2,advance,model chose advance,,Player B's Great Elemental,0.0000,True,"54,20",Player B's Great Elemental,Player B's Great Elemental
20260420_224831,2026-04-20T22:48:31.998088,win,objectives,True,"K=4,C=4,M=32,N=6","HoF_ml rank #16 (1975pts): heavy_jetbike, elemental_protectors, great_elemental, retributors, retributors, protectors, jetbike_protectors, shifters, shifters, elemental_strikers","HoF_ml #19 (1995pts): great_elemental, protectors_combined, shifters, retributors, scorchers_combined, gliders, jetbike_strikers, protectors, support_artillery, acolytes",1,B,Player B's Support Artillery,hold,,,-0.3587,-0.2452,0.1135,,,,,,,False,,,
20260420_224831,2026-04-20T22:48:31.998102,win,objectives,True,"K=4,C=4,M=32,N=6","HoF_ml rank #16 (1975pts): heavy_jetbike, elemental_protectors, great_elemental, retributors, retributors, protectors, jetbike_protectors, shifters, shifters, elemental_strikers","HoF_ml #19 (1995pts): great_elemental, protectors_combined, shifters, retributors, scorchers_combined, gliders, jetbike_strikers, protectors, support_artillery, acolytes",1,A,Player A's Shifters 2,advance,Player B's Great Elemental,,0.3035,0.2949,-0.0085,Player A's Shifters 2,advance,model chose advance,,Player B's Great Elemental,0.0000,False,"56,21",Player B's Great Elemental,Player B's Great Elemental
20260420_224831,2026-04-20T22:48:31.998118,win,objectives,True,"K=4,C=4,M=32,N=6","HoF_ml rank #16 (1975pts): heavy_jetbike, elemental_protectors, great_elemental, retributors, retributors, protectors, jetbike_protectors, shifters, shifters, elemental_strikers","HoF_ml #19 (1995pts): great_elemental, protectors_combined, shifters, retributors, scorchers_combined, gliders, jetbike_strikers, protectors, support_artillery, acolytes",1,B,Player B's Retributors,advance,,,-0.2605,-0.2363,0.0242,,,,,,,False,,,
20260420_224831,2026-04-20T22:48:31.998130,win,objectives,True,"K=4,C=4,M=32,N=6","HoF_ml rank #16 (1975pts): heavy_jetbike, elemental_protectors, great_elemental, retributors, retributors, protectors, jetbike_protectors, shifters, shifters, elemental_strikers","HoF_ml #19 (1995pts): great_elemental, protectors_combined, shifters, retributors, scorchers_combined, gliders, jetbike_strikers, protectors, support_artillery, acolytes",2,A,Player A's Shifters 1,advance,Player B's Great Elemental,,0.2823,0.5423,0.2600,Player A's Shifters 1,advance,model chose advance,,Player B's Great Elemental,0.0000,False,"59,32",Player B's Great Elemental,Player B's Great Elemental
20260420_224831,2026-04-20T22:48:31.998146,win,objectives,True,"K=4,C=4,M=32,N=6","HoF_ml rank #16 (1975pts): heavy_jetbike, elemental_protectors, great_elemental, retributors, retributors, protectors, jetbike_protectors, shifters, shifters, elemental_strikers","HoF_ml #19 (1995pts): great_elemental, protectors_combined, shifters, retributors, scorchers_combined, gliders, jetbike_strikers, protectors, support_artillery, acolytes",2,B,Player B's Scorchers (Combined),advance,,,-0.4769,-0.4551,0.0218,,,,,,,False,,,
20260420_224831,2026-04-20T22:48:31.998158,win,objectives,True,"K=4,C=4,M=32,N=6","HoF_ml rank #16 (1975pts): heavy_jetbike, elemental_protectors, great_elemental, retributors, retributors, protectors, jetbike_protectors, shifters, shifters, elemental_strikers","HoF_ml #19 (1995pts): great_elemental, protectors_combined, shifters, retributors, scorchers_combined, gliders, jetbike_strikers, protectors, support_artillery, acolytes",2,A,Player A's Shifters 2,advance,Player B's Protectors (Combined),,0.4288,0.4746,0.0457,Player A's Elemental Strikers,rush,model chose rush,,,0.0000,True,"57,38",,Player B's Support Artillery
20260420_224831,2026-04-20T22:48:31.998173,win,objectives,True,"K=4,C=4,M=32,N=6","HoF_ml rank #16 (1975pts): heavy_jetbike, elemental_protectors, great_elemental, retributors, retributors, protectors, jetbike_protectors, shifters, shifters, elemental_strikers","HoF_ml #19 (1995pts): great_elemental, protectors_combined, shifters, retributors, scorchers_combined, gliders, jetbike_strikers, protectors, support_artillery, acolytes",2,B,Player B's Jetbike Strikers,charge,,,-0.5456,-0.5818,-0.0362,,,,,,,False,,,
20260420_224831,2026-04-20T22:48:31.998186,win,objectives,True,"K=4,C=4,M=32,N=6","HoF_ml rank #16 (1975pts): heavy_jetbike, elemental_protectors, great_elemental, retributors, retributors, protectors, jetbike_protectors, shifters, shifters, elemental_strikers","HoF_ml #19 (1995pts): great_elemental, protectors_combined, shifters, retributors, scorchers_combined, gliders, jetbike_strikers, protectors, support_artillery, acolytes",2,A,Player A's Jetbike Protectors,advance,Player B's Protectors,,0.4910,0.5137,0.0226,Player A's Elemental Strikers,rush,model chose rush,,,0.0000,True,"38,22",Player B's Protectors (Combined),Player B's Protectors (Combined)
20260420_224831,2026-04-20T22:48:31.998200,win,objectives,True,"K=4,C=4,M=32,N=6","HoF_ml rank #16 (1975pts): heavy_jetbike, elemental_protectors, great_elemental, retributors, retributors, protectors, jetbike_protectors, shifters, shifters, elemental_strikers","HoF_ml #19 (1995pts): great_elemental, protectors_combined, shifters, retributors, scorchers_combined, gliders, jetbike_strikers, protectors, support_artillery, acolytes",2,B,Player B's Protectors,advance,,,-0.5618,-0.4947,0.0671,,,,,,,False,,,
20260420_224831,2026-04-20T22:48:31.998213,win,objectives,True,"K=4,C=4,M=32,N=6","HoF_ml rank #16 (1975pts): heavy_jetbike, elemental_protectors, great_elemental, retributors, retributors, protectors, jetbike_protectors, shifters, shifters, elemental_strikers","HoF_ml #19 (1995pts): great_elemental, protectors_combined, shifters, retributors, scorchers_combined, gliders, jetbike_strikers, protectors, support_artillery, acolytes",2,A,Player A's Great Elemental,charge,,Player B's Gliders,0.4458,0.4318,-0.0140,Player A's Great Elemental,charge,model chose charge,Player B's Shifters,,0.0000,False,,,
20260420_224831,2026-04-20T22:48:31.998227,win,objectives,True,"K=4,C=4,M=32,N=6","HoF_ml rank #16 (1975pts): heavy_jetbike, elemental_protectors, great_elemental, retributors, retributors, protectors, jetbike_protectors, shifters, shifters, elemental_strikers","HoF_ml #19 (1995pts): great_elemental, protectors_combined, shifters, retributors, scorchers_combined, gliders, jetbike_strikers, protectors, support_artillery, acolytes",2,B,Player B's Retributors,charge,,,-0.3877,-0.3392,0.0485,,,,,,,False,,,
20260420_224831,2026-04-20T22:48:31.998240,win,objectives,True,"K=4,C=4,M=32,N=6","HoF_ml rank #16 (1975pts): heavy_jetbike, elemental_protectors, great_elemental, retributors, retributors, protectors, jetbike_protectors, shifters, shifters, elemental_strikers","HoF_ml #19 (1995pts): great_elemental, protectors_combined, shifters, retributors, scorchers_combined, gliders, jetbike_strikers, protectors, support_artillery, acolytes",2,A,Player A's Retributors 2,charge,,Player B's Shifters,0.2441,0.3668,0.1228,Player A's Elemental Strikers,rush,model chose rush,,,0.0000,True,,,
20260420_224831,2026-04-20T22:48:31.998264,win,objectives,True,"K=4,C=4,M=32,N=6","HoF_ml rank #16 (1975pts): heavy_jetbike, elemental_protectors, great_elemental, retributors, retributors, protectors, jetbike_protectors, shifters, shifters, elemental_strikers","HoF_ml #19 (1995pts): great_elemental, protectors_combined, shifters, retributors, scorchers_combined, gliders, jetbike_strikers, protectors, support_artillery, acolytes",2,B,Player B's Acolytes,charge,,,-0.4785,-0.4326,0.0458,,,,,,,False,,,
20260420_224831,2026-04-20T22:48:31.998279,win,objectives,True,"K=4,C=4,M=32,N=6","HoF_ml rank #16 (1975pts): heavy_jetbike, elemental_protectors, great_elemental, retributors, retributors, protectors, jetbike_protectors, shifters, shifters, elemental_strikers","HoF_ml #19 (1995pts): great_elemental, protectors_combined, shifters, retributors, scorchers_combined, gliders, jetbike_strikers, protectors, support_artillery, acolytes",2,A,Player A's Elemental Strikers,rush,,,0.2244,0.2851,0.0607,Player A's Elemental Strikers,rush,model chose rush,,,0.0000,False,"49,22",,
20260420_224831,2026-04-20T22:48:31.998293,win,objectives,True,"K=4,C=4,M=32,N=6","HoF_ml rank #16 (1975pts): heavy_jetbike, elemental_protectors, great_elemental, retributors, retributors, protectors, jetbike_protectors, shifters, shifters, elemental_strikers","HoF_ml #19 (1995pts): great_elemental, protectors_combined, shifters, retributors, scorchers_combined, gliders, jetbike_strikers, protectors, support_artillery, acolytes",2,B,Player B's Support Artillery,hold,,,-0.4961,-0.4994,-0.0033,,,,,,,False,,,
20260420_224831,2026-04-20T22:48:31.998305,win,objectives,True,"K=4,C=4,M=32,N=6","HoF_ml rank #16 (1975pts): heavy_jetbike, elemental_protectors, great_elemental, retributors, retributors, protectors, jetbike_protectors, shifters, shifters, elemental_strikers","HoF_ml #19 (1995pts): great_elemental, protectors_combined, shifters, retributors, scorchers_combined, gliders, jetbike_strikers, protectors, support_artillery, acolytes",2,A,Player A's Retributors 1,rush,,,0.3594,0.3783,0.0189,Player A's Elemental Protectors,advance,model chose advance,,Player B's Scorchers (Combined),0.0000,True,"35,8",,
20260420_224831,2026-04-20T22:48:31.998319,win,objectives,True,"K=4,C=4,M=32,N=6","HoF_ml rank #16 (1975pts): heavy_jetbike, elemental_protectors, great_elemental, retributors, retributors, protectors, jetbike_protectors, shifters, shifters, elemental_strikers","HoF_ml #19 (1995pts): great_elemental, protectors_combined, shifters, retributors, scorchers_combined, gliders, jetbike_strikers, protectors, support_artillery, acolytes",2,B,Player B's Protectors (Combined),advance,,,-0.5137,-0.5283,-0.0146,,,,,,,False,,,
20260420_224831,2026-04-20T22:48:31.998332,win,objectives,True,"K=4,C=4,M=32,N=6","HoF_ml rank #16 (1975pts): heavy_jetbike, elemental_protectors, great_elemental, retributors, retributors, protectors, jetbike_protectors, shifters, shifters, elemental_strikers","HoF_ml #19 (1995pts): great_elemental, protectors_combined, shifters, retributors, scorchers_combined, gliders, jetbike_strikers, protectors, support_artillery, acolytes",2,A,Player A's Elemental Protectors,hold,,,0.3903,0.4050,0.0147,Player A's Elemental Protectors,advance,model chose advance,,Player B's Scorchers (Combined),0.0000,True,"21,16",Player B's Scorchers (Combined),Player B's Scorchers (Combined)
20260420_224831,2026-04-20T22:48:31.998346,win,objectives,True,"K=4,C=4,M=32,N=6","HoF_ml rank #16 (1975pts): heavy_jetbike, elemental_protectors, great_elemental, retributors, retributors, protectors, jetbike_protectors, shifters, shifters, elemental_strikers","HoF_ml #19 (1995pts): great_elemental, protectors_combined, shifters, retributors, scorchers_combined, gliders, jetbike_strikers, protectors, support_artillery, acolytes",2,A,Player A's Heavy Jetbike,hold,,,0.4050,0.3992,-0.0059,Player A's Heavy Jetbike,advance,model chose advance,,Player B's Jetbike Strikers,0.0000,True,"17,14",Player B's Jetbike Strikers,Player B's Scorchers (Combined)
20260420_224831,2026-04-20T22:48:31.998361,win,objectives,True,"K=4,C=4,M=32,N=6","HoF_ml rank #16 (1975pts): heavy_jetbike, elemental_protectors, great_elemental, retributors, retributors, protectors, jetbike_protectors, shifters, shifters, elemental_strikers","HoF_ml #19 (1995pts): great_elemental, protectors_combined, shifters, retributors, scorchers_combined, gliders, jetbike_strikers, protectors, support_artillery, acolytes",3,B,Player B's Retributors,charge,,,-0.5757,-0.5687,0.0070,,,,,,,False,,,
20260420_224831,2026-04-20T22:48:31.998373,win,objectives,True,"K=4,C=4,M=32,N=6","HoF_ml rank #16 (1975pts): heavy_jetbike, elemental_protectors, great_elemental, retributors, retributors, protectors, jetbike_protectors, shifters, shifters, elemental_strikers","HoF_ml #19 (1995pts): great_elemental, protectors_combined, shifters, retributors, scorchers_combined, gliders, jetbike_strikers, protectors, support_artillery, acolytes",3,A,Player A's Shifters 1,advance,Player B's Acolytes,,0.5375,0.5576,0.0201,Player A's Shifters 1,advance,model chose advance,,Player B's Protectors (Combined),0.0000,False,"46,38",Player B's Protectors (Combined),Player B's Retributors
20260420_224831,2026-04-20T22:48:31.998393,win,objectives,True,"K=4,C=4,M=32,N=6","HoF_ml rank #16 (1975pts): heavy_jetbike, elemental_protectors, great_elemental, retributors, retributors, protectors, jetbike_protectors, shifters, shifters, elemental_strikers","HoF_ml #19 (1995pts): great_elemental, protectors_combined, shifters, retributors, scorchers_combined, gliders, jetbike_strikers, protectors, support_artillery, acolytes",3,B,Player B's Acolytes,advance,,,-0.6200,-0.6199,0.0001,,,,,,,False,,,
20260420_224831,2026-04-20T22:48:31.998445,win,objectives,True,"K=4,C=4,M=32,N=6","HoF_ml rank #16 (1975pts): heavy_jetbike, elemental_protectors, great_elemental, retributors, retributors, protectors, jetbike_protectors, shifters, shifters, elemental_strikers","HoF_ml #19 (1995pts): great_elemental, protectors_combined, shifters, retributors, scorchers_combined, gliders, jetbike_strikers, protectors, support_artillery, acolytes",3,A,Player A's Great Elemental,charge,,Player B's Scorchers (Combined),0.5155,0.6754,0.1599,Player A's Elemental Strikers,charge,model chose charge,Player B's Protectors,,0.0000,True,,,
20260420_224831,2026-04-20T22:48:31.998478,win,objectives,True,"K=4,C=4,M=32,N=6","HoF_ml rank #16 (1975pts): heavy_jetbike, elemental_protectors, great_elemental, retributors, retributors, protectors, jetbike_protectors, shifters, shifters, elemental_strikers","HoF_ml #19 (1995pts): great_elemental, protectors_combined, shifters, retributors, scorchers_combined, gliders, jetbike_strikers, protectors, support_artillery, acolytes",3,B,Player B's Protectors (Combined),charge,,,-0.7007,-0.6613,0.0394,,,,,,,False,,,
20260420_224831,2026-04-20T22:48:31.998492,win,objectives,True,"K=4,C=4,M=32,N=6","HoF_ml rank #16 (1975pts): heavy_jetbike, elemental_protectors, great_elemental, retributors, retributors, protectors, jetbike_protectors, shifters, shifters, elemental_strikers","HoF_ml #19 (1995pts): great_elemental, protectors_combined, shifters, retributors, scorchers_combined, gliders, jetbike_strikers, protectors, support_artillery, acolytes",3,A,Player A's Elemental Strikers,charge,,Player B's Protectors,0.6507,0.7222,0.0716,Player A's Retributors 2,charge,model chose charge,Player B's Retributors,,0.0000,True,,,
20260420_224831,2026-04-20T22:48:31.998521,win,objectives,True,"K=4,C=4,M=32,N=6","HoF_ml rank #16 (1975pts): heavy_jetbike, elemental_protectors, great_elemental, retributors, retributors, protectors, jetbike_protectors, shifters, shifters, elemental_strikers","HoF_ml #19 (1995pts): great_elemental, protectors_combined, shifters, retributors, scorchers_combined, gliders, jetbike_strikers, protectors, support_artillery, acolytes",3,B,Player B's Support Artillery,hold,,,-0.7008,-0.7086,-0.0078,,,,,,,False,,,
20260420_224831,2026-04-20T22:48:31.998544,win,objectives,True,"K=4,C=4,M=32,N=6","HoF_ml rank #16 (1975pts): heavy_jetbike, elemental_protectors, great_elemental, retributors, retributors, protectors, jetbike_protectors, shifters, shifters, elemental_strikers","HoF_ml #19 (1995pts): great_elemental, protectors_combined, shifters, retributors, scorchers_combined, gliders, jetbike_strikers, protectors, support_artillery, acolytes",3,A,Player A's Heavy Jetbike,advance,Player B's Jetbike Strikers,,0.7434,0.7374,-0.0060,Player A's Retributors 2,charge,model chose charge,Player B's Protectors (Combined),,0.0000,True,"17,14",Player B's Protectors (Combined),Player B's Protectors (Combined)
20260420_224831,2026-04-20T22:48:31.998561,win,objectives,True,"K=4,C=4,M=32,N=6","HoF_ml rank #16 (1975pts): heavy_jetbike, elemental_protectors, great_elemental, retributors, retributors, protectors, jetbike_protectors, shifters, shifters, elemental_strikers","HoF_ml #19 (1995pts): great_elemental, protectors_combined, shifters, retributors, scorchers_combined, gliders, jetbike_strikers, protectors, support_artillery, acolytes",3,B,Player B's Jetbike Strikers,advance,,,-0.7008,-0.7264,-0.0257,,,,,,,False,,,
20260420_224831,2026-04-20T22:48:31.998573,win,objectives,True,"K=4,C=4,M=32,N=6","HoF_ml rank #16 (1975pts): heavy_jetbike, elemental_protectors, great_elemental, retributors, retributors, protectors, jetbike_protectors, shifters, shifters, elemental_strikers","HoF_ml #19 (1995pts): great_elemental, protectors_combined, shifters, retributors, scorchers_combined, gliders, jetbike_strikers, protectors, support_artillery, acolytes",3,A,Player A's Jetbike Protectors,advance,Player B's Protectors (Combined),,0.7371,0.7088,-0.0283,Player A's Jetbike Protectors,advance,model chose advance,,Player B's Protectors (Combined),0.0000,False,"34,24",Player B's Protectors (Combined),Player B's Protectors (Combined)
20260420_224831,2026-04-20T22:48:31.998602,win,objectives,True,"K=4,C=4,M=32,N=6","HoF_ml rank #16 (1975pts): heavy_jetbike, elemental_protectors, great_elemental, retributors, retributors, protectors, jetbike_protectors, shifters, shifters, elemental_strikers","HoF_ml #19 (1995pts): great_elemental, protectors_combined, shifters, retributors, scorchers_combined, gliders, jetbike_strikers, protectors, support_artillery, acolytes",3,A,Player A's Retributors 2,charge,,Player B's Acolytes,0.7088,0.7226,0.0138,Player A's Retributors 2,charge,model chose charge,Player B's Protectors (Combined),,0.0000,False,,,
20260420_224831,2026-04-20T22:48:31.998616,win,objectives,True,"K=4,C=4,M=32,N=6","HoF_ml rank #16 (1975pts): heavy_jetbike, elemental_protectors, great_elemental, retributors, retributors, protectors, jetbike_protectors, shifters, shifters, elemental_strikers","HoF_ml #19 (1995pts): great_elemental, protectors_combined, shifters, retributors, scorchers_combined, gliders, jetbike_strikers, protectors, support_artillery, acolytes",4,B,Player B's Retributors,advance,,,-0.7455,-0.7740,-0.0286,,,,,,,False,,,
20260420_224831,2026-04-20T22:48:31.998629,win,objectives,True,"K=4,C=4,M=32,N=6","HoF_ml rank #16 (1975pts): heavy_jetbike, elemental_protectors, great_elemental, retributors, retributors, protectors, jetbike_protectors, shifters, shifters, elemental_strikers","HoF_ml #19 (1995pts): great_elemental, protectors_combined, shifters, retributors, scorchers_combined, gliders, jetbike_strikers, protectors, support_artillery, acolytes",4,A,Player A's Shifters 1,advance,Player B's Support Artillery,,0.6879,0.7614,0.0735,Player A's Elemental Strikers,charge,model chose charge,Player B's Support Artillery,,0.0000,True,"47,32",Player B's Retributors,Player B's Support Artillery
20260420_224831,2026-04-20T22:48:31.998643,win,objectives,True,"K=4,C=4,M=32,N=6","HoF_ml rank #16 (1975pts): heavy_jetbike, elemental_protectors, great_elemental, retributors, retributors, protectors, jetbike_protectors, shifters, shifters, elemental_strikers","HoF_ml #19 (1995pts): great_elemental, protectors_combined, shifters, retributors, scorchers_combined, gliders, jetbike_strikers, protectors, support_artillery, acolytes",4,B,Player B's Protectors (Combined),rush,,,-0.8431,-0.7640,0.0792,,,,,,,False,,,
20260420_224831,2026-04-20T22:48:31.998656,win,objectives,True,"K=4,C=4,M=32,N=6","HoF_ml rank #16 (1975pts): heavy_jetbike, elemental_protectors, great_elemental, retributors, retributors, protectors, jetbike_protectors, shifters, shifters, elemental_strikers","HoF_ml #19 (1995pts): great_elemental, protectors_combined, shifters, retributors, scorchers_combined, gliders, jetbike_strikers, protectors, support_artillery, acolytes",4,A,Player A's Jetbike Protectors,advance,Player B's Protectors (Combined),,0.6364,0.7972,0.1608,Player A's Elemental Strikers,rush,model chose rush,,,0.0000,True,"40,34",Player B's Retributors,Player B's Protectors (Combined)
20260420_224831,2026-04-20T22:48:31.998671,win,objectives,True,"K=4,C=4,M=32,N=6","HoF_ml rank #16 (1975pts): heavy_jetbike, elemental_protectors, great_elemental, retributors, retributors, protectors, jetbike_protectors, shifters, shifters, elemental_strikers","HoF_ml #19 (1995pts): great_elemental, protectors_combined, shifters, retributors, scorchers_combined, gliders, jetbike_strikers, protectors, support_artillery, acolytes",4,B,Player B's Jetbike Strikers,charge,,,-0.8566,-0.8051,0.0515,,,,,,,False,,,
20260420_224831,2026-04-20T22:48:31.998684,win,objectives,True,"K=4,C=4,M=32,N=6","HoF_ml rank #16 (1975pts): heavy_jetbike, elemental_protectors, great_elemental, retributors, retributors, protectors, jetbike_protectors, shifters, shifters, elemental_strikers","HoF_ml #19 (1995pts): great_elemental, protectors_combined, shifters, retributors, scorchers_combined, gliders, jetbike_strikers, protectors, support_artillery, acolytes",4,A,Player A's Retributors 2,charge,,Player B's Retributors,0.7629,0.7540,-0.0089,Player A's Elemental Strikers,rush,model chose rush,,,0.0000,True,,,
20260420_224831,2026-04-20T22:48:31.998697,win,objectives,True,"K=4,C=4,M=32,N=6","HoF_ml rank #16 (1975pts): heavy_jetbike, elemental_protectors, great_elemental, retributors, retributors, protectors, jetbike_protectors, shifters, shifters, elemental_strikers","HoF_ml #19 (1995pts): great_elemental, protectors_combined, shifters, retributors, scorchers_combined, gliders, jetbike_strikers, protectors, support_artillery, acolytes",4,A,Player A's Great Elemental,charge,,Player B's Jetbike Strikers,0.7540,0.8932,0.1392,Player A's Elemental Strikers,rush,model chose rush,,,0.0000,True,,,
20260420_224831,2026-04-20T22:48:31.998711,win,objectives,True,"K=4,C=4,M=32,N=6","HoF_ml rank #16 (1975pts): heavy_jetbike, elemental_protectors, great_elemental, retributors, retributors, protectors, jetbike_protectors, shifters, shifters, elemental_strikers","HoF_ml #19 (1995pts): great_elemental, protectors_combined, shifters, retributors, scorchers_combined, gliders, jetbike_strikers, protectors, support_artillery, acolytes",4,A,Player A's Elemental Strikers,charge,,Player B's Retributors,0.8932,0.9098,0.0166,Player A's Elemental Strikers,rush,model chose rush,,,0.0000,True,,,
20260420_231416,2026-04-20T23:14:16.045754,win,objectives,True,"K=4,C=4,M=32,N=6","HoF_ml rank #30 (1990pts): great_elemental, jetbike_strikers, shifters_combined, retributors_combined, protectors_combined, combat_walker, jetbike_strikers, elven_noble, elven_noble, elite_protector","HoF_ml #26 (1975pts): support_artillery, heavy_jetbike, shifters, shifters, great_elemental, vanquishers, retributors, strikers, protectors_combined, scorchers",1,B,Player B's Shifters 2,advance,,,-0.1853,-0.1762,0.0090,,,,,,,False,,,
20260420_231416,2026-04-20T23:14:16.045805,win,objectives,True,"K=4,C=4,M=32,N=6","HoF_ml rank #30 (1990pts): great_elemental, jetbike_strikers, shifters_combined, retributors_combined, protectors_combined, combat_walker, jetbike_strikers, elven_noble, elven_noble, elite_protector","HoF_ml #26 (1975pts): support_artillery, heavy_jetbike, shifters, shifters, great_elemental, vanquishers, retributors, strikers, protectors_combined, scorchers",1,A,Player A's Combat Walker,advance,Player B's Shifters 1,,0.2242,0.3277,0.1035,Player A's Jetbike Strikers 2,advance,model chose advance,,Player B's Strikers,0.0000,True,"36,16",Player B's Strikers,Player B's Protectors (Combined)
20260420_231416,2026-04-20T23:14:16.045844,win,objectives,True,"K=4,C=4,M=32,N=6","HoF_ml rank #30 (1990pts): great_elemental, jetbike_strikers, shifters_combined, retributors_combined, protectors_combined, combat_walker, jetbike_strikers, elven_noble, elven_noble, elite_protector","HoF_ml #26 (1975pts): support_artillery, heavy_jetbike, shifters, shifters, great_elemental, vanquishers, retributors, strikers, protectors_combined, scorchers",1,B,Player B's Protectors (Combined),advance,,,-0.3784,-0.1034,0.2750,,,,,,,False,,,
20260420_231416,2026-04-20T23:14:16.045873,win,objectives,True,"K=4,C=4,M=32,N=6","HoF_ml rank #30 (1990pts): great_elemental, jetbike_strikers, shifters_combined, retributors_combined, protectors_combined, combat_walker, jetbike_strikers, elven_noble, elven_noble, elite_protector","HoF_ml #26 (1975pts): support_artillery, heavy_jetbike, shifters, shifters, great_elemental, vanquishers, retributors, strikers, protectors_combined, scorchers",1,A,Player A's Shifters (Combined),advance,Player B's Strikers,,0.1044,0.0611,-0.0432,Player A's Jetbike Strikers 2,charge,model chose charge,Player B's Strikers,,0.0000,True,"36,14",Player B's Strikers,
20260420_231416,2026-04-20T23:14:16.045905,win,objectives,True,"K=4,C=4,M=32,N=6","HoF_ml rank #30 (1990pts): great_elemental, jetbike_strikers, shifters_combined, retributors_combined, protectors_combined, combat_walker, jetbike_strikers, elven_noble, elven_noble, elite_protector","HoF_ml #26 (1975pts): support_artillery, heavy_jetbike, shifters, shifters, great_elemental, vanquishers, retributors, strikers, protectors_combined, scorchers",1,B,Player B's Vanquishers,advance,,,-0.0086,0.1196,0.1282,,,,,,,False,,,
20260420_231416,2026-04-20T23:14:16.045932,win,objectives,True,"K=4,C=4,M=32,N=6","HoF_ml rank #30 (1990pts): great_elemental, jetbike_strikers, shifters_combined, retributors_combined, protectors_combined, combat_walker, jetbike_strikers, elven_noble, elven_noble, elite_protector","HoF_ml #26 (1975pts): support_artillery, heavy_jetbike, shifters, shifters, great_elemental, vanquishers, retributors, strikers, protectors_combined, scorchers",1,A,Player A's Elven Noble 1,advance,Player B's Shifters 2,,-0.0470,0.0372,0.0842,Player A's Jetbike Strikers 2,rush,model chose rush,,,0.0000,True,"34,8",Player B's Protectors (Combined),Player B's Protectors (Combined)
20260420_231416,2026-04-20T23:14:16.045963,win,objectives,True,"K=4,C=4,M=32,N=6","HoF_ml rank #30 (1990pts): great_elemental, jetbike_strikers, shifters_combined, retributors_combined, protectors_combined, combat_walker, jetbike_strikers, elven_noble, elven_noble, elite_protector","HoF_ml #26 (1975pts): support_artillery, heavy_jetbike, shifters, shifters, great_elemental, vanquishers, retributors, strikers, protectors_combined, scorchers",1,B,Player B's Great Elemental,rush,,,0.0152,0.0182,0.0030,,,,,,,False,,,
20260420_231416,2026-04-20T23:14:16.045989,win,objectives,True,"K=4,C=4,M=32,N=6","HoF_ml rank #30 (1990pts): great_elemental, jetbike_strikers, shifters_combined, retributors_combined, protectors_combined, combat_walker, jetbike_strikers, elven_noble, elven_noble, elite_protector","HoF_ml #26 (1975pts): support_artillery, heavy_jetbike, shifters, shifters, great_elemental, vanquishers, retributors, strikers, protectors_combined, scorchers",1,A,Player A's Jetbike Strikers 1,hold,,,0.0584,0.0815,0.0231,Player A's Elven Noble 2,rush,model chose rush,,,0.0000,True,"23,10",,
20260420_231416,2026-04-20T23:14:16.046023,win,objectives,True,"K=4,C=4,M=32,N=6","HoF_ml rank #30 (1990pts): great_elemental, jetbike_strikers, shifters_combined, retributors_combined, protectors_combined, combat_walker, jetbike_strikers, elven_noble, elven_noble, elite_protector","HoF_ml #26 (1975pts): support_artillery, heavy_jetbike, shifters, shifters, great_elemental, vanquishers, retributors, strikers, protectors_combined, scorchers",1,B,Player B's Retributors,rush,,,0.0030,0.0716,0.0686,,,,,,,False,,,
20260420_231416,2026-04-20T23:14:16.046050,win,objectives,True,"K=4,C=4,M=32,N=6","HoF_ml rank #30 (1990pts): great_elemental, jetbike_strikers, shifters_combined, retributors_combined, protectors_combined, combat_walker, jetbike_strikers, elven_noble, elven_noble, elite_protector","HoF_ml #26 (1975pts): support_artillery, heavy_jetbike, shifters, shifters, great_elemental, vanquishers, retributors, strikers, protectors_combined, scorchers",1,A,Player A's Elite Protector,advance,,,0.0831,0.0640,-0.0191,Player A's Elven Noble 2,rush,model chose rush,,,0.0000,True,"35,3",,
20260420_231416,2026-04-20T23:14:16.046078,win,objectives,True,"K=4,C=4,M=32,N=6","HoF_ml rank #30 (1990pts): great_elemental, jetbike_strikers, shifters_combined, retributors_combined, protectors_combined, combat_walker, jetbike_strikers, elven_noble, elven_noble, elite_protector","HoF_ml #26 (1975pts): support_artillery, heavy_jetbike, shifters, shifters, great_elemental, vanquishers, retributors, strikers, protectors_combined, scorchers",1,B,Player B's Heavy Jetbike,advance,,,0.0517,0.0290,-0.0226,,,,,,,False,,,
20260420_231416,2026-04-20T23:14:16.046103,win,objectives,True,"K=4,C=4,M=32,N=6","HoF_ml rank #30 (1990pts): great_elemental, jetbike_strikers, shifters_combined, retributors_combined, protectors_combined, combat_walker, jetbike_strikers, elven_noble, elven_noble, elite_protector","HoF_ml #26 (1975pts): support_artillery, heavy_jetbike, shifters, shifters, great_elemental, vanquishers, retributors, strikers, protectors_combined, scorchers",1,A,Player A's Elven Noble 2,rush,,,0.1272,0.1591,0.0320,Player A's Jetbike Strikers 2,rush,model chose rush,,,0.0000,True,"58,24",,
20260420_231416,2026-04-20T23:14:16.046132,win,objectives,True,"K=4,C=4,M=32,N=6","HoF_ml rank #30 (1990pts): great_elemental, jetbike_strikers, shifters_combined, retributors_combined, protectors_combined, combat_walker, jetbike_strikers, elven_noble, elven_noble, elite_protector","HoF_ml #26 (1975pts): support_artillery, heavy_jetbike, shifters, shifters, great_elemental, vanquishers, retributors, strikers, protectors_combined, scorchers",1,B,Player B's Scorchers,advance,,,-0.0356,-0.0606,-0.0249,,,,,,,False,,,
20260420_231416,2026-04-20T23:14:16.046157,win,objectives,True,"K=4,C=4,M=32,N=6","HoF_ml rank #30 (1990pts): great_elemental, jetbike_strikers, shifters_combined, retributors_combined, protectors_combined, combat_walker, jetbike_strikers, elven_noble, elven_noble, elite_protector","HoF_ml #26 (1975pts): support_artillery, heavy_jetbike, shifters, shifters, great_elemental, vanquishers, retributors, strikers, protectors_combined, scorchers",1,A,Player A's Great Elemental,advance,Player B's Great Elemental,,0.1877,0.1765,-0.0111,Player A's Protectors (Combined),rush,model chose rush,,,0.0000,True,"12,19",Player B's Vanquishers,Player B's Great Elemental
20260420_231416,2026-04-20T23:14:16.046188,win,objectives,True,"K=4,C=4,M=32,N=6","HoF_ml rank #30 (1990pts): great_elemental, jetbike_strikers, shifters_combined, retributors_combined, protectors_combined, combat_walker, jetbike_strikers, elven_noble, elven_noble, elite_protector","HoF_ml #26 (1975pts): support_artillery, heavy_jetbike, shifters, shifters, great_elemental, vanquishers, retributors, strikers, protectors_combined, scorchers",1,B,Player B's Shifters 1,rush,,,-0.0526,0.0279,0.0805,,,,,,,False,,,
20260420_231416,2026-04-20T23:14:16.046248,win,objectives,True,"K=4,C=4,M=32,N=6","HoF_ml rank #30 (1990pts): great_elemental, jetbike_strikers, shifters_combined, retributors_combined, protectors_combined, combat_walker, jetbike_strikers, elven_noble, elven_noble, elite_protector","HoF_ml #26 (1975pts): support_artillery, heavy_jetbike, shifters, shifters, great_elemental, vanquishers, retributors, strikers, protectors_combined, scorchers",1,A,Player A's Jetbike Strikers 2,advance,,,0.1263,0.0979,-0.0285,Player A's Protectors (Combined),rush,model chose rush,,,0.0000,True,"45,16",,
20260420_231416,2026-04-20T23:14:16.046280,win,objectives,True,"K=4,C=4,M=32,N=6","HoF_ml rank #30 (1990pts): great_elemental, jetbike_strikers, shifters_combined, retributors_combined, protectors_combined, combat_walker, jetbike_strikers, elven_noble, elven_noble, elite_protector","HoF_ml #26 (1975pts): support_artillery, heavy_jetbike, shifters, shifters, great_elemental, vanquishers, retributors, strikers, protectors_combined, scorchers",1,B,Player B's Support Artillery,hold,,,-0.0061,-0.0327,-0.0266,,,,,,,False,,,
20260420_231416,2026-04-20T23:14:16.046306,win,objectives,True,"K=4,C=4,M=32,N=6","HoF_ml rank #30 (1990pts): great_elemental, jetbike_strikers, shifters_combined, retributors_combined, protectors_combined, combat_walker, jetbike_strikers, elven_noble, elven_noble, elite_protector","HoF_ml #26 (1975pts): support_artillery, heavy_jetbike, shifters, shifters, great_elemental, vanquishers, retributors, strikers, protectors_combined, scorchers",1,A,Player A's Protectors (Combined),rush,,,0.1020,0.1031,0.0011,Player A's Protectors (Combined),rush,model chose rush,,,0.0000,False,"50,19",,
20260420_231416,2026-04-20T23:14:16.046334,win,objectives,True,"K=4,C=4,M=32,N=6","HoF_ml rank #30 (1990pts): great_elemental, jetbike_strikers, shifters_combined, retributors_combined, protectors_combined, combat_walker, jetbike_strikers, elven_noble, elven_noble, elite_protector","HoF_ml #26 (1975pts): support_artillery, heavy_jetbike, shifters, shifters, great_elemental, vanquishers, retributors, strikers, protectors_combined, scorchers",1,A,Player A's Retributors (Combined),rush,,,0.1031,0.1510,0.0479,Player A's Retributors (Combined),rush,model chose rush,,,0.0000,False,"45,16",,
20260420_231416,2026-04-20T23:14:16.046379,win,objectives,True,"K=4,C=4,M=32,N=6","HoF_ml rank #30 (1990pts): great_elemental, jetbike_strikers, shifters_combined, retributors_combined, protectors_combined, combat_walker, jetbike_strikers, elven_noble, elven_noble, elite_protector","HoF_ml #26 (1975pts): support_artillery, heavy_jetbike, shifters, shifters, great_elemental, vanquishers, retributors, strikers, protectors_combined, scorchers",2,B,Player B's Vanquishers,advance,,,-0.2047,-0.1786,0.0260,,,,,,,False,,,
20260420_231416,2026-04-20T23:14:16.046406,win,objectives,True,"K=4,C=4,M=32,N=6","HoF_ml rank #30 (1990pts): great_elemental, jetbike_strikers, shifters_combined, retributors_combined, protectors_combined, combat_walker, jetbike_strikers, elven_noble, elven_noble, elite_protector","HoF_ml #26 (1975pts): support_artillery, heavy_jetbike, shifters, shifters, great_elemental, vanquishers, retributors, strikers, protectors_combined, scorchers",2,A,Player A's Shifters (Combined),advance,Player B's Great Elemental,,0.1978,0.4314,0.2336,Player A's Shifters (Combined),advance,model chose advance,,Player B's Heavy Jetbike,0.0000,False,"46,21",Player B's Heavy Jetbike,Player B's Shifters 1
20260420_231416,2026-04-20T23:14:16.046439,win,objectives,True,"K=4,C=4,M=32,N=6","HoF_ml rank #30 (1990pts): great_elemental, jetbike_strikers, shifters_combined, retributors_combined, protectors_combined, combat_walker, jetbike_strikers, elven_noble, elven_noble, elite_protector","HoF_ml #26 (1975pts): support_artillery, heavy_jetbike, shifters, shifters, great_elemental, vanquishers, retributors, strikers, protectors_combined, scorchers",2,B,Player B's Shifters 2,advance,,,-0.4698,-0.3489,0.1210,,,,,,,False,,,
20260420_231416,2026-04-20T23:14:16.046467,win,objectives,True,"K=4,C=4,M=32,N=6","HoF_ml rank #30 (1990pts): great_elemental, jetbike_strikers, shifters_combined, retributors_combined, protectors_combined, combat_walker, jetbike_strikers, elven_noble, elven_noble, elite_protector","HoF_ml #26 (1975pts): support_artillery, heavy_jetbike, shifters, shifters, great_elemental, vanquishers, retributors, strikers, protectors_combined, scorchers",2,A,Player A's Protectors (Combined),advance,Player B's Protectors (Combined),,0.3719,0.3727,0.0008,Player A's Retributors (Combined),charge,model chose charge,Player B's Great Elemental,,0.0000,True,"45,20",,Player B's Shifters 1
20260420_231416,2026-04-20T23:14:16.046500,win,objectives,True,"K=4,C=4,M=32,N=6","HoF_ml rank #30 (1990pts): great_elemental, jetbike_strikers, shifters_combined, retributors_combined, protectors_combined, combat_walker, jetbike_strikers, elven_noble, elven_noble, elite_protector","HoF_ml #26 (1975pts): support_artillery, heavy_jetbike, shifters, shifters, great_elemental, vanquishers, retributors, strikers, protectors_combined, scorchers",2,B,Player B's Support Artillery,hold,,,-0.4448,-0.4346,0.0102,,,,,,,False,,,
20260420_231416,2026-04-20T23:14:16.046527,win,objectives,True,"K=4,C=4,M=32,N=6","HoF_ml rank #30 (1990pts): great_elemental, jetbike_strikers, shifters_combined, retributors_combined, protectors_combined, combat_walker, jetbike_strikers, elven_noble, elven_noble, elite_protector","HoF_ml #26 (1975pts): support_artillery, heavy_jetbike, shifters, shifters, great_elemental, vanquishers, retributors, strikers, protectors_combined, scorchers",2,A,Player A's Jetbike Strikers 2,advance,Player B's Shifters 2,,0.3672,0.3284,-0.0387,Player A's Great Elemental,charge,model chose charge,Player B's Great Elemental,,0.0000,True,"34,18",Player B's Shifters 1,Player B's Shifters 1
20260420_231416,2026-04-20T23:14:16.046560,win,objectives,True,"K=4,C=4,M=32,N=6","HoF_ml rank #30 (1990pts): great_elemental, jetbike_strikers, shifters_combined, retributors_combined, protectors_combined, combat_walker, jetbike_strikers, elven_noble, elven_noble, elite_protector","HoF_ml #26 (1975pts): support_artillery, heavy_jetbike, shifters, shifters, great_elemental, vanquishers, retributors, strikers, protectors_combined, scorchers",2,B,Player B's Great Elemental,charge,,,-0.3893,-0.3276,0.0617,,,,,,,False,,,
20260420_231416,2026-04-20T23:14:16.046587,win,objectives,True,"K=4,C=4,M=32,N=6","HoF_ml rank #30 (1990pts): great_elemental, jetbike_strikers, shifters_combined, retributors_combined, protectors_combined, combat_walker, jetbike_strikers, elven_noble, elven_noble, elite_protector","HoF_ml #26 (1975pts): support_artillery, heavy_jetbike, shifters, shifters, great_elemental, vanquishers, retributors, strikers, protectors_combined, scorchers",2,A,Player A's Retributors (Combined),charge,,Player B's Great Elemental,0.3349,0.4952,0.1602,Player A's Elite Protector,advance,model chose advance,,Player B's Support Artillery,0.0000,True,,,
20260420_231416,2026-04-20T23:14:16.046619,win,objectives,True,"K=4,C=4,M=32,N=6","HoF_ml rank #30 (1990pts): great_elemental, jetbike_strikers, shifters_combined, retributors_combined, protectors_combined, combat_walker, jetbike_strikers, elven_noble, elven_noble, elite_protector","HoF_ml #26 (1975pts): support_artillery, heavy_jetbike, shifters, shifters, great_elemental, vanquishers, retributors, strikers, protectors_combined, scorchers",2,B,Player B's Shifters 1,advance,,,-0.4867,-0.5159,-0.0291,,,,,,,False,,,
20260420_231416,2026-04-20T23:14:16.046646,win,objectives,True,"K=4,C=4,M=32,N=6","HoF_ml rank #30 (1990pts): great_elemental, jetbike_strikers, shifters_combined, retributors_combined, protectors_combined, combat_walker, jetbike_strikers, elven_noble, elven_noble, elite_protector","HoF_ml #26 (1975pts): support_artillery, heavy_jetbike, shifters, shifters, great_elemental, vanquishers, retributors, strikers, protectors_combined, scorchers",2,A,Player A's Great Elemental,charge,,Player B's Vanquishers,0.5241,0.5825,0.0584,Player A's Great Elemental,charge,model chose charge,Player B's Vanquishers,,0.0000,False,,,
20260420_231416,2026-04-20T23:14:16.046691,win,objectives,True,"K=4,C=4,M=32,N=6","HoF_ml rank #30 (1990pts): great_elemental, jetbike_strikers, shifters_combined, retributors_combined, protectors_combined, combat_walker, jetbike_strikers, elven_noble, elven_noble, elite_protector","HoF_ml #26 (1975pts): support_artillery, heavy_jetbike, shifters, shifters, great_elemental, vanquishers, retributors, strikers, protectors_combined, scorchers",2,B,Player B's Heavy Jetbike,charge,,,-0.5277,-0.5709,-0.0432,,,,,,,False,,,
20260420_231416,2026-04-20T23:14:16.046721,win,objectives,True,"K=4,C=4,M=32,N=6","HoF_ml rank #30 (1990pts): great_elemental, jetbike_strikers, shifters_combined, retributors_combined, protectors_combined, combat_walker, jetbike_strikers, elven_noble, elven_noble, elite_protector","HoF_ml #26 (1975pts): support_artillery, heavy_jetbike, shifters, shifters, great_elemental, vanquishers, retributors, strikers, protectors_combined, scorchers",2,A,Player A's Elven Noble 1,advance,Player B's Shifters 1,,0.5819,0.6481,0.0662,Player A's Elite Protector,rush,model chose rush,,,0.0000,True,"33,6",Player B's Protectors (Combined),Player B's Protectors (Combined)
20260420_231416,2026-04-20T23:14:16.046753,win,objectives,True,"K=4,C=4,M=32,N=6","HoF_ml rank #30 (1990pts): great_elemental, jetbike_strikers, shifters_combined, retributors_combined, protectors_combined, combat_walker, jetbike_strikers, elven_noble, elven_noble, elite_protector","HoF_ml #26 (1975pts): support_artillery, heavy_jetbike, shifters, shifters, great_elemental, vanquishers, retributors, strikers, protectors_combined, scorchers",2,B,Player B's Protectors (Combined),advance,,,-0.5959,-0.5625,0.0334,,,,,,,False,,,
20260420_231416,2026-04-20T23:14:16.046780,win,objectives,True,"K=4,C=4,M=32,N=6","HoF_ml rank #30 (1990pts): great_elemental, jetbike_strikers, shifters_combined, retributors_combined, protectors_combined, combat_walker, jetbike_strikers, elven_noble, elven_noble, elite_protector","HoF_ml #26 (1975pts): support_artillery, heavy_jetbike, shifters, shifters, great_elemental, vanquishers, retributors, strikers, protectors_combined, scorchers",2,A,Player A's Elite Protector,charge,,Player B's Heavy Jetbike,0.6608,0.6948,0.0339,Player A's Elite Protector,rush,model chose rush,,,0.0000,True,,,
20260420_231416,2026-04-20T23:14:16.046810,win,objectives,True,"K=4,C=4,M=32,N=6","HoF_ml rank #30 (1990pts): great_elemental, jetbike_strikers, shifters_combined, retributors_combined, protectors_combined, combat_walker, jetbike_strikers, elven_noble, elven_noble, elite_protector","HoF_ml #26 (1975pts): support_artillery, heavy_jetbike, shifters, shifters, great_elemental, vanquishers, retributors, strikers, protectors_combined, scorchers",2,B,Player B's Scorchers,advance,,,-0.6116,-0.5960,0.0157,,,,,,,False,,,
20260420_231416,2026-04-20T23:14:16.046837,win,objectives,True,"K=4,C=4,M=32,N=6","HoF_ml rank #30 (1990pts): great_elemental, jetbike_strikers, shifters_combined, retributors_combined, protectors_combined, combat_walker, jetbike_strikers, elven_noble, elven_noble, elite_protector","HoF_ml #26 (1975pts): support_artillery, heavy_jetbike, shifters, shifters, great_elemental, vanquishers, retributors, strikers, protectors_combined, scorchers",2,B,Player B's Retributors,charge,,,-0.5960,-0.4239,0.1720,,,,,,,False,,,
20260420_231416,2026-04-20T23:14:16.046864,win,objectives,True,"K=4,C=4,M=32,N=6","HoF_ml rank #30 (1990pts): great_elemental, jetbike_strikers, shifters_combined, retributors_combined, protectors_combined, combat_walker, jetbike_strikers, elven_noble, elven_noble, elite_protector","HoF_ml #26 (1975pts): support_artillery, heavy_jetbike, shifters, shifters, great_elemental, vanquishers, retributors, strikers, protectors_combined, scorchers",3,A,Player A's Shifters (Combined),advance,Player B's Protectors (Combined),,0.6159,0.6586,0.0427,Player A's Shifters (Combined),advance,model chose advance,,Player B's Heavy Jetbike,0.0000,False,"37,14",Player B's Heavy Jetbike,Player B's Protectors (Combined)
20260420_231416,2026-04-20T23:14:16.046897,win,objectives,True,"K=4,C=4,M=32,N=6","HoF_ml rank #30 (1990pts): great_elemental, jetbike_strikers, shifters_combined, retributors_combined, protectors_combined, combat_walker, jetbike_strikers, elven_noble, elven_noble, elite_protector","HoF_ml #26 (1975pts): support_artillery, heavy_jetbike, shifters, shifters, great_elemental, vanquishers, retributors, strikers, protectors_combined, scorchers",3,B,Player B's Scorchers,advance,,,-0.5763,-0.5040,0.0723,,,,,,,False,,,
20260420_231416,2026-04-20T23:14:16.046924,win,objectives,True,"K=4,C=4,M=32,N=6","HoF_ml rank #30 (1990pts): great_elemental, jetbike_strikers, shifters_combined, retributors_combined, protectors_combined, combat_walker, jetbike_strikers, elven_noble, elven_noble, elite_protector","HoF_ml #26 (1975pts): support_artillery, heavy_jetbike, shifters, shifters, great_elemental, vanquishers, retributors, strikers, protectors_combined, scorchers",3,A,Player A's Jetbike Strikers 2,advance,Player B's Retributors,,0.6184,0.7118,0.0935,Player A's Jetbike Strikers 2,charge,model chose charge,Player B's Retributors,,0.0000,True,"28,20",Player B's Shifters 2,Player B's Heavy Jetbike
20260420_231416,2026-04-20T23:14:16.046957,win,objectives,True,"K=4,C=4,M=32,N=6","HoF_ml rank #30 (1990pts): great_elemental, jetbike_strikers, shifters_combined, retributors_combined, protectors_combined, combat_walker, jetbike_strikers, elven_noble, elven_noble, elite_protector","HoF_ml #26 (1975pts): support_artillery, heavy_jetbike, shifters, shifters, great_elemental, vanquishers, retributors, strikers, protectors_combined, scorchers",3,B,Player B's Heavy Jetbike,advance,,,-0.7046,-0.7060,-0.0015,,,,,,,False,,,
20260420_231416,2026-04-20T23:14:16.046984,win,objectives,True,"K=4,C=4,M=32,N=6","HoF_ml rank #30 (1990pts): great_elemental, jetbike_strikers, shifters_combined, retributors_combined, protectors_combined, combat_walker, jetbike_strikers, elven_noble, elven_noble, elite_protector","HoF_ml #26 (1975pts): support_artillery, heavy_jetbike, shifters, shifters, great_elemental, vanquishers, retributors, strikers, protectors_combined, scorchers",3,A,Player A's Elven Noble 1,advance,Player B's Scorchers,,0.7284,0.7339,0.0055,Player A's Great Elemental,charge,model chose charge,Player B's Shifters 2,,0.0000,True,"31,15",Player B's Shifters 2,Player B's Shifters 2
20260420_231416,2026-04-20T23:14:16.047021,win,objectives,True,"K=4,C=4,M=32,N=6","HoF_ml rank #30 (1990pts): great_elemental, jetbike_strikers, shifters_combined, retributors_combined, protectors_combined, combat_walker, jetbike_strikers, elven_noble, elven_noble, elite_protector","HoF_ml #26 (1975pts): support_artillery, heavy_jetbike, shifters, shifters, great_elemental, vanquishers, retributors, strikers, protectors_combined, scorchers",3,B,Player B's Shifters 2,advance,,,-0.7039,-0.6963,0.0075,,,,,,,False,,,
20260420_231416,2026-04-20T23:14:16.047049,win,objectives,True,"K=4,C=4,M=32,N=6","HoF_ml rank #30 (1990pts): great_elemental, jetbike_strikers, shifters_combined, retributors_combined, protectors_combined, combat_walker, jetbike_strikers, elven_noble, elven_noble, elite_protector","HoF_ml #26 (1975pts): support_artillery, heavy_jetbike, shifters, shifters, great_elemental, vanquishers, retributors, strikers, protectors_combined, scorchers",3,A,Player A's Great Elemental,charge,,Player B's Shifters 2,0.7413,0.6882,-0.0531,Player A's Elite Protector,rush,model chose rush,,,0.0000,True,,,
20260420_231416,2026-04-20T23:14:16.047080,win,objectives,True,"K=4,C=4,M=32,N=6","HoF_ml rank #30 (1990pts): great_elemental, jetbike_strikers, shifters_combined, retributors_combined, protectors_combined, combat_walker, jetbike_strikers, elven_noble, elven_noble, elite_protector","HoF_ml #26 (1975pts): support_artillery, heavy_jetbike, shifters, shifters, great_elemental, vanquishers, retributors, strikers, protectors_combined, scorchers",3,B,Player B's Support Artillery,hold,,,-0.6544,-0.6836,-0.0292,,,,,,,False,,,
20260420_231416,2026-04-20T23:14:16.047134,win,objectives,True,"K=4,C=4,M=32,N=6","HoF_ml rank #30 (1990pts): great_elemental, jetbike_strikers, shifters_combined, retributors_combined, protectors_combined, combat_walker, jetbike_strikers, elven_noble, elven_noble, elite_protector","HoF_ml #26 (1975pts): support_artillery, heavy_jetbike, shifters, shifters, great_elemental, vanquishers, retributors, strikers, protectors_combined, scorchers",3,A,Player A's Retributors (Combined),rush,,,0.7179,0.7669,0.0490,Player A's Retributors (Combined),rush,model chose rush,,,0.0000,False,"33,22",,
20260420_231416,2026-04-20T23:14:16.047167,win,objectives,True,"K=4,C=4,M=32,N=6","HoF_ml rank #30 (1990pts): great_elemental, jetbike_strikers, shifters_combined, retributors_combined, protectors_combined, combat_walker, jetbike_strikers, elven_noble, elven_noble, elite_protector","HoF_ml #26 (1975pts): support_artillery, heavy_jetbike, shifters, shifters, great_elemental, vanquishers, retributors, strikers, protectors_combined, scorchers",3,A,Player A's Elite Protector,charge,,Player B's Heavy Jetbike,0.7669,0.7764,0.0096,Player A's Elite Protector,rush,model chose rush,,,0.0000,True,,,
20260420_231416,2026-04-20T23:14:16.047198,win,objectives,True,"K=4,C=4,M=32,N=6","HoF_ml rank #30 (1990pts): great_elemental, jetbike_strikers, shifters_combined, retributors_combined, protectors_combined, combat_walker, jetbike_strikers, elven_noble, elven_noble, elite_protector","HoF_ml #26 (1975pts): support_artillery, heavy_jetbike, shifters, shifters, great_elemental, vanquishers, retributors, strikers, protectors_combined, scorchers",4,B,Player B's Heavy Jetbike,rush,,,-0.7745,-0.6057,0.1689,,,,,,,False,,,
20260420_231416,2026-04-20T23:14:16.047225,win,objectives,True,"K=4,C=4,M=32,N=6","HoF_ml rank #30 (1990pts): great_elemental, jetbike_strikers, shifters_combined, retributors_combined, protectors_combined, combat_walker, jetbike_strikers, elven_noble, elven_noble, elite_protector","HoF_ml #26 (1975pts): support_artillery, heavy_jetbike, shifters, shifters, great_elemental, vanquishers, retributors, strikers, protectors_combined, scorchers",4,A,Player A's Retributors (Combined),charge,,Player B's Scorchers,0.5867,0.6602,0.0735,Player A's Elven Noble 1,advance,model chose advance,,Player B's Heavy Jetbike,0.0000,True,,,
20260420_231416,2026-04-20T23:14:16.047256,win,objectives,True,"K=4,C=4,M=32,N=6","HoF_ml rank #30 (1990pts): great_elemental, jetbike_strikers, shifters_combined, retributors_combined, protectors_combined, combat_walker, jetbike_strikers, elven_noble, elven_noble, elite_protector","HoF_ml #26 (1975pts): support_artillery, heavy_jetbike, shifters, shifters, great_elemental, vanquishers, retributors, strikers, protectors_combined, scorchers",4,B,Player B's Support Artillery,hold,,,-0.7289,-0.7303,-0.0014,,,,,,,False,,,
20260420_231416,2026-04-20T23:14:16.047283,win,objectives,True,"K=4,C=4,M=32,N=6","HoF_ml rank #30 (1990pts): great_elemental, jetbike_strikers, shifters_combined, retributors_combined, protectors_combined, combat_walker, jetbike_strikers, elven_noble, elven_noble, elite_protector","HoF_ml #26 (1975pts): support_artillery, heavy_jetbike, shifters, shifters, great_elemental, vanquishers, retributors, strikers, protectors_combined, scorchers",4,A,Player A's Jetbike Strikers 2,rush,,,0.6921,0.7993,0.1071,Player A's Elite Protector,charge,model chose charge,Player B's Heavy Jetbike,,0.0000,True,"37,39",,
20260420_231416,2026-04-20T23:14:16.047314,win,objectives,True,"K=4,C=4,M=32,N=6","HoF_ml rank #30 (1990pts): great_elemental, jetbike_strikers, shifters_combined, retributors_combined, protectors_combined, combat_walker, jetbike_strikers, elven_noble, elven_noble, elite_protector","HoF_ml #26 (1975pts): support_artillery, heavy_jetbike, shifters, shifters, great_elemental, vanquishers, retributors, strikers, protectors_combined, scorchers",4,A,Player A's Elite Protector,charge,,Player B's Heavy Jetbike,0.7993,0.9081,0.1088,Player A's Great Elemental,rush,model chose rush,,,0.0000,True,,,
20260420_231416,2026-04-20T23:14:16.047343,win,objectives,True,"K=4,C=4,M=32,N=6","HoF_ml rank #30 (1990pts): great_elemental, jetbike_strikers, shifters_combined, retributors_combined, protectors_combined, combat_walker, jetbike_strikers, elven_noble, elven_noble, elite_protector","HoF_ml #26 (1975pts): support_artillery, heavy_jetbike, shifters, shifters, great_elemental, vanquishers, retributors, strikers, protectors_combined, scorchers",4,A,Player A's Shifters (Combined),hold,,,0.9081,0.9037,-0.0044,Player A's Great Elemental,rush,model chose rush,,,0.0000,True,"37,41",,
20260420_231416,2026-04-20T23:14:16.047372,win,objectives,True,"K=4,C=4,M=32,N=6","HoF_ml rank #30 (1990pts): great_elemental, jetbike_strikers, shifters_combined, retributors_combined, protectors_combined, combat_walker, jetbike_strikers, elven_noble, elven_noble, elite_protector","HoF_ml #26 (1975pts): support_artillery, heavy_jetbike, shifters, shifters, great_elemental, vanquishers, retributors, strikers, protectors_combined, scorchers",4,A,Player A's Great Elemental,hold,,,0.9037,0.9062,0.0026,Player A's Great Elemental,rush,model chose rush,,,0.0000,True,"33,25",,
20260420_233100,2026-04-20T23:31:00.414769,win,objectives,True,"K=4,C=4,M=32,N=6","HoF_ml rank #16 (1975pts): heavy_jetbike, elemental_protectors, great_elemental, retributors, retributors, protectors, jetbike_protectors, shifters, shifters, elemental_strikers","HoF_ml #12 (2000pts): support_artillery, jetbike_strikers, shifters, shifters, ag_tank, protectors, support_artillery, retributors, protectors, heavy_jetbike",1,B,Player B's AG Tank,advance,,,0.2321,0.2582,0.0261,,,,,,,False,,,
20260420_233100,2026-04-20T23:31:00.414808,win,objectives,True,"K=4,C=4,M=32,N=6","HoF_ml rank #16 (1975pts): heavy_jetbike, elemental_protectors, great_elemental, retributors, retributors, protectors, jetbike_protectors, shifters, shifters, elemental_strikers","HoF_ml #12 (2000pts): support_artillery, jetbike_strikers, shifters, shifters, ag_tank, protectors, support_artillery, retributors, protectors, heavy_jetbike",1,A,Player A's Heavy Jetbike,advance,Player B's Protectors 2,,-0.2146,-0.2513,-0.0367,Player A's Elemental Strikers,rush,model chose rush,,,0.0000,True,"16,15",Player B's Protectors 2,Player B's Protectors 2
20260420_233100,2026-04-20T23:31:00.414838,win,objectives,True,"K=4,C=4,M=32,N=6","HoF_ml rank #16 (1975pts): heavy_jetbike, elemental_protectors, great_elemental, retributors, retributors, protectors, jetbike_protectors, shifters, shifters, elemental_strikers","HoF_ml #12 (2000pts): support_artillery, jetbike_strikers, shifters, shifters, ag_tank, protectors, support_artillery, retributors, protectors, heavy_jetbike",1,B,Player B's Heavy Jetbike,advance,,,0.3132,0.3436,0.0305,,,,,,,False,,,
20260420_233100,2026-04-20T23:31:00.414858,win,objectives,True,"K=4,C=4,M=32,N=6","HoF_ml rank #16 (1975pts): heavy_jetbike, elemental_protectors, great_elemental, retributors, retributors, protectors, jetbike_protectors, shifters, shifters, elemental_strikers","HoF_ml #12 (2000pts): support_artillery, jetbike_strikers, shifters, shifters, ag_tank, protectors, support_artillery, retributors, protectors, heavy_jetbike",1,A,Player A's Retributors 1,advance,,,-0.2505,-0.2554,-0.0049,Player A's Elemental Strikers,rush,model chose rush,,,0.0000,True,"37,12",,
20260420_233100,2026-04-20T23:31:00.414879,win,objectives,True,"K=4,C=4,M=32,N=6","HoF_ml rank #16 (1975pts): heavy_jetbike, elemental_protectors, great_elemental, retributors, retributors, protectors, jetbike_protectors, shifters, shifters, elemental_strikers","HoF_ml #12 (2000pts): support_artillery, jetbike_strikers, shifters, shifters, ag_tank, protectors, support_artillery, retributors, protectors, heavy_jetbike",1,B,Player B's Protectors 2,rush,,,0.3232,0.2779,-0.0453,,,,,,,False,,,
20260420_233100,2026-04-20T23:31:00.414898,win,objectives,True,"K=4,C=4,M=32,N=6","HoF_ml rank #16 (1975pts): heavy_jetbike, elemental_protectors, great_elemental, retributors, retributors, protectors, jetbike_protectors, shifters, shifters, elemental_strikers","HoF_ml #12 (2000pts): support_artillery, jetbike_strikers, shifters, shifters, ag_tank, protectors, support_artillery, retributors, protectors, heavy_jetbike",1,A,Player A's Elemental Protectors,advance,Player B's Protectors 2,,-0.2170,-0.2200,-0.0031,Player A's Elemental Strikers,rush,model chose rush,,,0.0000,True,"21,16",,Player B's Heavy Jetbike
20260420_233100,2026-04-20T23:31:00.414919,win,objectives,True,"K=4,C=4,M=32,N=6","HoF_ml rank #16 (1975pts): heavy_jetbike, elemental_protectors, great_elemental, retributors, retributors, protectors, jetbike_protectors, shifters, shifters, elemental_strikers","HoF_ml #12 (2000pts): support_artillery, jetbike_strikers, shifters, shifters, ag_tank, protectors, support_artillery, retributors, protectors, heavy_jetbike",1,B,Player B's Retributors,rush,,,0.3528,0.3577,0.0050,,,,,,,False,,,
20260420_233100,2026-04-20T23:31:00.414937,win,objectives,True,"K=4,C=4,M=32,N=6","HoF_ml rank #16 (1975pts): heavy_jetbike, elemental_protectors, great_elemental, retributors, retributors, protectors, jetbike_protectors, shifters, shifters, elemental_strikers","HoF_ml #12 (2000pts): support_artillery, jetbike_strikers, shifters, shifters, ag_tank, protectors, support_artillery, retributors, protectors, heavy_jetbike",1,A,Player A's Great Elemental,advance,Player B's Retributors,,-0.2522,-0.3275,-0.0753,Player A's Great Elemental,advance,model chose advance,,Player B's Retributors,0.0000,False,"24,18",Player B's Retributors,Player B's Retributors
20260420_233100,2026-04-20T23:31:00.414958,win,objectives,True,"K=4,C=4,M=32,N=6","HoF_ml rank #16 (1975pts): heavy_jetbike, elemental_protectors, great_elemental, retributors, retributors, protectors, jetbike_protectors, shifters, shifters, elemental_strikers","HoF_ml #12 (2000pts): support_artillery, jetbike_strikers, shifters, shifters, ag_tank, protectors, support_artillery, retributors, protectors, heavy_jetbike",1,B,Player B's Support Artillery 2,hold,,,0.4493,0.3824,-0.0669,,,,,,,False,,,
20260420_233100,2026-04-20T23:31:00.414976,win,objectives,True,"K=4,C=4,M=32,N=6","HoF_ml rank #16 (1975pts): heavy_jetbike, elemental_protectors, great_elemental, retributors, retributors, protectors, jetbike_protectors, shifters, shifters, elemental_strikers","HoF_ml #12 (2000pts): support_artillery, jetbike_strikers, shifters, shifters, ag_tank, protectors, support_artillery, retributors, protectors, heavy_jetbike",1,A,Player A's Elemental Strikers,rush,,,-0.3328,-0.3704,-0.0376,Player A's Protectors,advance,model chose advance,,Player B's Support Artillery 1,0.0000,True,"67,23",,
20260420_233100,2026-04-20T23:31:00.414996,win,objectives,True,"K=4,C=4,M=32,N=6","HoF_ml rank #16 (1975pts): heavy_jetbike, elemental_protectors, great_elemental, retributors, retributors, protectors, jetbike_protectors, shifters, shifters, elemental_strikers","HoF_ml #12 (2000pts): support_artillery, jetbike_strikers, shifters, shifters, ag_tank, protectors, support_artillery, retributors, protectors, heavy_jetbike",1,B,Player B's Jetbike Strikers,rush,,,0.4187,0.4448,0.0261,,,,,,,False,,,
20260420_233100,2026-04-20T23:31:00.415020,win,objectives,True,"K=4,C=4,M=32,N=6","HoF_ml rank #16 (1975pts): heavy_jetbike, elemental_protectors, great_elemental, retributors, retributors, protectors, jetbike_protectors, shifters, shifters, elemental_strikers","HoF_ml #12 (2000pts): support_artillery, jetbike_strikers, shifters, shifters, ag_tank, protectors, support_artillery, retributors, protectors, heavy_jetbike",1,A,Player A's Protectors,rush,,,-0.3427,-0.2925,0.0502,Player A's Protectors,advance,model chose advance,,Player B's Support Artillery 1,0.0000,True,"36,5",,
20260420_233100,2026-04-20T23:31:00.415042,win,objectives,True,"K=4,C=4,M=32,N=6","HoF_ml rank #16 (1975pts): heavy_jetbike, elemental_protectors, great_elemental, retributors, retributors, protectors, jetbike_protectors, shifters, shifters, elemental_strikers","HoF_ml #12 (2000pts): support_artillery, jetbike_strikers, shifters, shifters, ag_tank, protectors, support_artillery, retributors, protectors, heavy_jetbike",1,B,Player B's Shifters 2,advance,,,0.3829,0.3846,0.0018,,,,,,,False,,,
20260420_233100,2026-04-20T23:31:00.415060,win,objectives,True,"K=4,C=4,M=32,N=6","HoF_ml rank #16 (1975pts): heavy_jetbike, elemental_protectors, great_elemental, retributors, retributors, protectors, jetbike_protectors, shifters, shifters, elemental_strikers","HoF_ml #12 (2000pts): support_artillery, jetbike_strikers, shifters, shifters, ag_tank, protectors, support_artillery, retributors, protectors, heavy_jetbike",1,A,Player A's Jetbike Protectors,advance,Player B's Shifters 2,,-0.2902,-0.1419,0.1483,Player A's Jetbike Protectors,charge,model chose charge,Player B's Shifters 2,,0.0000,True,"34,15",Player B's Shifters 2,Player B's Shifters 2
20260420_233100,2026-04-20T23:31:00.415081,win,objectives,True,"K=4,C=4,M=32,N=6","HoF_ml rank #16 (1975pts): heavy_jetbike, elemental_protectors, great_elemental, retributors, retributors, protectors, jetbike_protectors, shifters, shifters, elemental_strikers","HoF_ml #12 (2000pts): support_artillery, jetbike_strikers, shifters, shifters, ag_tank, protectors, support_artillery, retributors, protectors, heavy_jetbike",1,B,Player B's Shifters 1,advance,,,0.2812,0.2063,-0.0750,,,,,,,False,,,
20260420_233100,2026-04-20T23:31:00.415134,win,objectives,True,"K=4,C=4,M=32,N=6","HoF_ml rank #16 (1975pts): heavy_jetbike, elemental_protectors, great_elemental, retributors, retributors, protectors, jetbike_protectors, shifters, shifters, elemental_strikers","HoF_ml #12 (2000pts): support_artillery, jetbike_strikers, shifters, shifters, ag_tank, protectors, support_artillery, retributors, protectors, heavy_jetbike",1,A,Player A's Shifters 2,advance,Player B's Shifters 1,,-0.0740,0.0449,0.1189,Player A's Shifters 2,advance,model chose advance,,Player B's Shifters 1,0.0000,False,"52,23",Player B's Shifters 1,Player B's Shifters 1
20260420_233100,2026-04-20T23:31:00.415191,win,objectives,True,"K=4,C=4,M=32,N=6","HoF_ml rank #16 (1975pts): heavy_jetbike, elemental_protectors, great_elemental, retributors, retributors, protectors, jetbike_protectors, shifters, shifters, elemental_strikers","HoF_ml #12 (2000pts): support_artillery, jetbike_strikers, shifters, shifters, ag_tank, protectors, support_artillery, retributors, protectors, heavy_jetbike",1,B,Player B's Protectors 1,advance,,,0.0316,0.0350,0.0034,,,,,,,False,,,
20260420_233100,2026-04-20T23:31:00.415208,win,objectives,True,"K=4,C=4,M=32,N=6","HoF_ml rank #16 (1975pts): heavy_jetbike, elemental_protectors, great_elemental, retributors, retributors, protectors, jetbike_protectors, shifters, shifters, elemental_strikers","HoF_ml #12 (2000pts): support_artillery, jetbike_strikers, shifters, shifters, ag_tank, protectors, support_artillery, retributors, protectors, heavy_jetbike",1,A,Player A's Retributors 2,rush,,,0.0512,0.1307,0.0795,Player A's Retributors 2,advance,model chose advance,,Player B's Support Artillery 1,0.0000,True,"31,9",,
20260420_233100,2026-04-20T23:31:00.415227,win,objectives,True,"K=4,C=4,M=32,N=6","HoF_ml rank #16 (1975pts): heavy_jetbike, elemental_protectors, great_elemental, retributors, retributors, protectors, jetbike_protectors, shifters, shifters, elemental_strikers","HoF_ml #12 (2000pts): support_artillery, jetbike_strikers, shifters, shifters, ag_tank, protectors, support_artillery, retributors, protectors, heavy_jetbike",1,B,Player B's Support Artillery 1,hold,,,-0.0229,0.0751,0.0979,,,,,,,False,,,
20260420_233100,2026-04-20T23:31:00.415265,win,objectives,True,"K=4,C=4,M=32,N=6","HoF_ml rank #16 (1975pts): heavy_jetbike, elemental_protectors, great_elemental, retributors, retributors, protectors, jetbike_protectors, shifters, shifters, elemental_strikers","HoF_ml #12 (2000pts): support_artillery, jetbike_strikers, shifters, shifters, ag_tank, protectors, support_artillery, retributors, protectors, heavy_jetbike",2,A,Player A's Retributors 2,charge,,Player B's Shifters 1,0.1370,0.2319,0.0949,Player A's Retributors 2,charge,model chose charge,Player B's Shifters 2,,0.0000,False,,,
20260420_233100,2026-04-20T23:31:00.415284,win,objectives,True,"K=4,C=4,M=32,N=6","HoF_ml rank #16 (1975pts): heavy_jetbike, elemental_protectors, great_elemental, retributors, retributors, protectors, jetbike_protectors, shifters, shifters, elemental_strikers","HoF_ml #12 (2000pts): support_artillery, jetbike_strikers, shifters, shifters, ag_tank, protectors, support_artillery, retributors, protectors, heavy_jetbike",2,B,Player B's Heavy Jetbike,advance,,,0.0026,-0.0425,-0.0451,,,,,,,False,,,
20260420_233100,2026-04-20T23:31:00.415301,win,objectives,True,"K=4,C=4,M=32,N=6","HoF_ml rank #16 (1975pts): heavy_jetbike, elemental_protectors, great_elemental, retributors, retributors, protectors, jetbike_protectors, shifters, shifters, elemental_strikers","HoF_ml #12 (2000pts): support_artillery, jetbike_strikers, shifters, shifters, ag_tank, protectors, support_artillery, retributors, protectors, heavy_jetbike",2,A,Player A's Elemental Protectors,advance,Player B's Protectors 2,,0.2224,0.2359,0.0135,Player A's Elemental Strikers,rush,model chose rush,,,0.0000,True,"14,16",Player B's Retributors,Player B's Protectors 2
20260420_233100,2026-04-20T23:31:00.415338,win,objectives,True,"K=4,C=4,M=32,N=6","HoF_ml rank #16 (1975pts): heavy_jetbike, elemental_protectors, great_elemental, retributors, retributors, protectors, jetbike_protectors, shifters, shifters, elemental_strikers","HoF_ml #12 (2000pts): support_artillery, jetbike_strikers, shifters, shifters, ag_tank, protectors, support_artillery, retributors, protectors, heavy_jetbike",2,B,Player B's Shifters 2,advance,,,-0.0766,-0.0721,0.0045,,,,,,,False,,,
20260420_233100,2026-04-20T23:31:00.415372,win,objectives,True,"K=4,C=4,M=32,N=6","HoF_ml rank #16 (1975pts): heavy_jetbike, elemental_protectors, great_elemental, retributors, retributors, protectors, jetbike_protectors, shifters, shifters, elemental_strikers","HoF_ml #12 (2000pts): support_artillery, jetbike_strikers, shifters, shifters, ag_tank, protectors, support_artillery, retributors, protectors, heavy_jetbike",2,A,Player A's Heavy Jetbike,advance,Player B's Retributors,,0.2336,0.2771,0.0434,Player A's Elemental Strikers,rush,model chose rush,,,0.0000,True,"17,13",Player B's Shifters 2,Player B's Shifters 2
20260420_233100,2026-04-20T23:31:00.415392,win,objectives,True,"K=4,C=4,M=32,N=6","HoF_ml rank #16 (1975pts): heavy_jetbike, elemental_protectors, great_elemental, retributors, retributors, protectors, jetbike_protectors, shifters, shifters, elemental_strikers","HoF_ml #12 (2000pts): support_artillery, jetbike_strikers, shifters, shifters, ag_tank, protectors, support_artillery, retributors, protectors, heavy_jetbike",2,B,Player B's Protectors 1,advance,,,-0.1358,-0.0928,0.0430,,,,,,,False,,,
20260420_233100,2026-04-20T23:31:00.415409,win,objectives,True,"K=4,C=4,M=32,N=6","HoF_ml rank #16 (1975pts): heavy_jetbike, elemental_protectors, great_elemental, retributors, retributors, protectors, jetbike_protectors, shifters, shifters, elemental_strikers","HoF_ml #12 (2000pts): support_artillery, jetbike_strikers, shifters, shifters, ag_tank, protectors, support_artillery, retributors, protectors, heavy_jetbike",2,A,Player A's Jetbike Protectors,advance,Player B's Protectors 1,,0.1858,0.1716,-0.0141,Player A's Elemental Strikers,rush,model chose rush,,,0.0000,True,"35,17",Player B's Shifters 2,Player B's Shifters 2
20260420_233100,2026-04-20T23:31:00.415429,win,objectives,True,"K=4,C=4,M=32,N=6","HoF_ml rank #16 (1975pts): heavy_jetbike, elemental_protectors, great_elemental, retributors, retributors, protectors, jetbike_protectors, shifters, shifters, elemental_strikers","HoF_ml #12 (2000pts): support_artillery, jetbike_strikers, shifters, shifters, ag_tank, protectors, support_artillery, retributors, protectors, heavy_jetbike",2,B,Player B's Jetbike Strikers,charge,,,-0.1504,-0.2236,-0.0732,,,,,,,False,,,
20260420_233100,2026-04-20T23:31:00.415446,win,objectives,True,"K=4,C=4,M=32,N=6","HoF_ml rank #16 (1975pts): heavy_jetbike, elemental_protectors, great_elemental, retributors, retributors, protectors, jetbike_protectors, shifters, shifters, elemental_strikers","HoF_ml #12 (2000pts): support_artillery, jetbike_strikers, shifters, shifters, ag_tank, protectors, support_artillery, retributors, protectors, heavy_jetbike",2,A,Player A's Retributors 1,charge,,Player B's Jetbike Strikers,0.1563,0.2238,0.0675,Player A's Elemental Strikers,rush,model chose rush,,,0.0000,True,,,
20260420_233100,2026-04-20T23:31:00.415465,win,objectives,True,"K=4,C=4,M=32,N=6","HoF_ml rank #16 (1975pts): heavy_jetbike, elemental_protectors, great_elemental, retributors, retributors, protectors, jetbike_protectors, shifters, shifters, elemental_strikers","HoF_ml #12 (2000pts): support_artillery, jetbike_strikers, shifters, shifters, ag_tank, protectors, support_artillery, retributors, protectors, heavy_jetbike",2,B,Player B's Support Artillery 2,hold,,,-0.2539,-0.2320,0.0219,,,,,,,False,,,
20260420_233100,2026-04-20T23:31:00.415492,win,objectives,True,"K=4,C=4,M=32,N=6","HoF_ml rank #16 (1975pts): heavy_jetbike, elemental_protectors, great_elemental, retributors, retributors, protectors, jetbike_protectors, shifters, shifters, elemental_strikers","HoF_ml #12 (2000pts): support_artillery, jetbike_strikers, shifters, shifters, ag_tank, protectors, support_artillery, retributors, protectors, heavy_jetbike",2,A,Player A's Elemental Strikers,rush,,,0.1779,0.3052,0.1273,Player A's Elemental Strikers,rush,model chose rush,,,0.0000,False,"53,20",,
20260420_233100,2026-04-20T23:31:00.415512,win,objectives,True,"K=4,C=4,M=32,N=6","HoF_ml rank #16 (1975pts): heavy_jetbike, elemental_protectors, great_elemental, retributors, retributors, protectors, jetbike_protectors, shifters, shifters, elemental_strikers","HoF_ml #12 (2000pts): support_artillery, jetbike_strikers, shifters, shifters, ag_tank, protectors, support_artillery, retributors, protectors, heavy_jetbike",2,B,Player B's Support Artillery 1,hold,,,-0.2710,-0.2931,-0.0222,,,,,,,False,,,
20260420_233100,2026-04-20T23:31:00.415551,win,objectives,True,"K=4,C=4,M=32,N=6","HoF_ml rank #16 (1975pts): heavy_jetbike, elemental_protectors, great_elemental, retributors, retributors, protectors, jetbike_protectors, shifters, shifters, elemental_strikers","HoF_ml #12 (2000pts): support_artillery, jetbike_strikers, shifters, shifters, ag_tank, protectors, support_artillery, retributors, protectors, heavy_jetbike",2,A,Player A's Great Elemental,charge,,Player B's Heavy Jetbike,0.3629,0.1406,-0.2223,Player A's Great Elemental,charge,model chose charge,Player B's Heavy Jetbike,,0.0000,False,,,
20260420_233100,2026-04-20T23:31:00.415571,win,objectives,True,"K=4,C=4,M=32,N=6","HoF_ml rank #16 (1975pts): heavy_jetbike, elemental_protectors, great_elemental, retributors, retributors, protectors, jetbike_protectors, shifters, shifters, elemental_strikers","HoF_ml #12 (2000pts): support_artillery, jetbike_strikers, shifters, shifters, ag_tank, protectors, support_artillery, retributors, protectors, heavy_jetbike",2,B,Player B's AG Tank,advance,,,-0.0973,-0.2491,-0.1517,,,,,,,False,,,
20260420_233100,2026-04-20T23:31:00.415604,win,objectives,True,"K=4,C=4,M=32,N=6","HoF_ml rank #16 (1975pts): heavy_jetbike, elemental_protectors, great_elemental, retributors, retributors, protectors, jetbike_protectors, shifters, shifters, elemental_strikers","HoF_ml #12 (2000pts): support_artillery, jetbike_strikers, shifters, shifters, ag_tank, protectors, support_artillery, retributors, protectors, heavy_jetbike",3,A,Player A's Jetbike Protectors,advance,Player B's Shifters 2,,0.2802,0.1882,-0.0920,Player A's Retributors 1,charge,model chose charge,Player B's Jetbike Strikers,,0.0000,True,"44,23",Player B's Shifters 2,Player B's Protectors 1
20260420_233100,2026-04-20T23:31:00.415624,win,objectives,True,"K=4,C=4,M=32,N=6","HoF_ml rank #16 (1975pts): heavy_jetbike, elemental_protectors, great_elemental, retributors, retributors, protectors, jetbike_protectors, shifters, shifters, elemental_strikers","HoF_ml #12 (2000pts): support_artillery, jetbike_strikers, shifters, shifters, ag_tank, protectors, support_artillery, retributors, protectors, heavy_jetbike",3,B,Player B's Heavy Jetbike,advance,,,-0.2606,-0.2797,-0.0191,,,,,,,False,,,
20260420_233100,2026-04-20T23:31:00.415641,win,objectives,True,"K=4,C=4,M=32,N=6","HoF_ml rank #16 (1975pts): heavy_jetbike, elemental_protectors, great_elemental, retributors, retributors, protectors, jetbike_protectors, shifters, shifters, elemental_strikers","HoF_ml #12 (2000pts): support_artillery, jetbike_strikers, shifters, shifters, ag_tank, protectors, support_artillery, retributors, protectors, heavy_jetbike",3,A,Player A's Heavy Jetbike,advance,Player B's Jetbike Strikers,,0.2034,0.2447,0.0412,Player A's Elemental Protectors,advance,model chose advance,,Player B's Jetbike Strikers,0.0000,True,"20,22",Player B's Protectors 1,Player B's Protectors 1
20260420_233100,2026-04-20T23:31:00.415661,win,objectives,True,"K=4,C=4,M=32,N=6","HoF_ml rank #16 (1975pts): heavy_jetbike, elemental_protectors, great_elemental, retributors, retributors, protectors, jetbike_protectors, shifters, shifters, elemental_strikers","HoF_ml #12 (2000pts): support_artillery, jetbike_strikers, shifters, shifters, ag_tank, protectors, support_artillery, retributors, protectors, heavy_jetbike",3,B,Player B's Protectors 1,advance,,,-0.3387,-0.3548,-0.0162,,,,,,,False,,,
20260420_233100,2026-04-20T23:31:00.415678,win,objectives,True,"K=4,C=4,M=32,N=6","HoF_ml rank #16 (1975pts): heavy_jetbike, elemental_protectors, great_elemental, retributors, retributors, protectors, jetbike_protectors, shifters, shifters, elemental_strikers","HoF_ml #12 (2000pts): support_artillery, jetbike_strikers, shifters, shifters, ag_tank, protectors, support_artillery, retributors, protectors, heavy_jetbike",3,A,Player A's Retributors 1,charge,,Player B's Jetbike Strikers,0.2700,0.5769,0.3069,Player A's Retributors 1,charge,model chose charge,Player B's Jetbike Strikers,,0.0000,False,,,
20260420_233100,2026-04-20T23:31:00.415698,win,objectives,True,"K=4,C=4,M=32,N=6","HoF_ml rank #16 (1975pts): heavy_jetbike, elemental_protectors, great_elemental, retributors, retributors, protectors, jetbike_protectors, shifters, shifters, elemental_strikers","HoF_ml #12 (2000pts): support_artillery, jetbike_strikers, shifters, shifters, ag_tank, protectors, support_artillery, retributors, protectors, heavy_jetbike",3,B,Player B's AG Tank,charge,,,-0.6212,-0.5665,0.0547,,,,,,,False,,,
20260420_233100,2026-04-20T23:31:00.415714,win,objectives,True,"K=4,C=4,M=32,N=6","HoF_ml rank #16 (1975pts): heavy_jetbike, elemental_protectors, great_elemental, retributors, retributors, protectors, jetbike_protectors, shifters, shifters, elemental_strikers","HoF_ml #12 (2000pts): support_artillery, jetbike_strikers, shifters, shifters, ag_tank, protectors, support_artillery, retributors, protectors, heavy_jetbike",3,A,Player A's Great Elemental,charge,,Player B's Heavy Jetbike,0.3696,0.4940,0.1244,Player A's Elemental Protectors,advance,model chose advance,,Player B's Protectors 1,0.0000,True,,,
20260420_233100,2026-04-20T23:31:00.415733,win,objectives,True,"K=4,C=4,M=32,N=6","HoF_ml rank #16 (1975pts): heavy_jetbike, elemental_protectors, great_elemental, retributors, retributors, protectors, jetbike_protectors, shifters, shifters, elemental_strikers","HoF_ml #12 (2000pts): support_artillery, jetbike_strikers, shifters, shifters, ag_tank, protectors, support_artillery, retributors, protectors, heavy_jetbike",3,B,Player B's Support Artillery 1,hold,,,-0.5989,-0.6072,-0.0083,,,,,,,False,,,
20260420_233100,2026-04-20T23:31:00.415750,win,objectives,True,"K=4,C=4,M=32,N=6","HoF_ml rank #16 (1975pts): heavy_jetbike, elemental_protectors, great_elemental, retributors, retributors, protectors, jetbike_protectors, shifters, shifters, elemental_strikers","HoF_ml #12 (2000pts): support_artillery, jetbike_strikers, shifters, shifters, ag_tank, protectors, support_artillery, retributors, protectors, heavy_jetbike",3,A,Player A's Elemental Protectors,advance,Player B's Protectors 1,,0.5601,0.5374,-0.0226,Player A's Elemental Protectors,advance,model chose advance,,Player B's Protectors 1,0.0000,False,"24,24",Player B's Protectors 1,Player B's Protectors 1
20260420_233100,2026-04-20T23:31:00.415771,win,objectives,True,"K=4,C=4,M=32,N=6","HoF_ml rank #16 (1975pts): heavy_jetbike, elemental_protectors, great_elemental, retributors, retributors, protectors, jetbike_protectors, shifters, shifters, elemental_strikers","HoF_ml #12 (2000pts): support_artillery, jetbike_strikers, shifters, shifters, ag_tank, protectors, support_artillery, retributors, protectors, heavy_jetbike",3,B,Player B's Support Artillery 2,hold,,,-0.5978,-0.5817,0.0161,,,,,,,False,,,
20260420_233100,2026-04-20T23:31:00.415798,win,objectives,True,"K=4,C=4,M=32,N=6","HoF_ml rank #16 (1975pts): heavy_jetbike, elemental_protectors, great_elemental, retributors, retributors, protectors, jetbike_protectors, shifters, shifters, elemental_strikers","HoF_ml #12 (2000pts): support_artillery, jetbike_strikers, shifters, shifters, ag_tank, protectors, support_artillery, retributors, protectors, heavy_jetbike",3,A,Player A's Elemental Strikers,advance,,,0.5720,0.6930,0.1210,Player A's Elemental Strikers,charge,model chose charge,Player B's Support Artillery 1,,0.0000,True,"55,33",,
20260420_233100,2026-04-20T23:31:00.415819,win,objectives,True,"K=4,C=4,M=32,N=6","HoF_ml rank #16 (1975pts): heavy_jetbike, elemental_protectors, great_elemental, retributors, retributors, protectors, jetbike_protectors, shifters, shifters, elemental_strikers","HoF_ml #12 (2000pts): support_artillery, jetbike_strikers, shifters, shifters, ag_tank, protectors, support_artillery, retributors, protectors, heavy_jetbike",4,B,Player B's AG Tank,advance,,,-0.7708,-0.7553,0.0155,,,,,,,False,,,
20260420_233100,2026-04-20T23:31:00.415858,win,objectives,True,"K=4,C=4,M=32,N=6","HoF_ml rank #16 (1975pts): heavy_jetbike, elemental_protectors, great_elemental, retributors, retributors, protectors, jetbike_protectors, shifters, shifters, elemental_strikers","HoF_ml #12 (2000pts): support_artillery, jetbike_strikers, shifters, shifters, ag_tank, protectors, support_artillery, retributors, protectors, heavy_jetbike",4,A,Player A's Jetbike Protectors,rush,,,0.6885,0.7897,0.1012,Player A's Great Elemental,rush,model chose rush,,,0.0000,True,"37,39",,
20260420_233100,2026-04-20T23:31:00.415894,win,objectives,True,"K=4,C=4,M=32,N=6","HoF_ml rank #16 (1975pts): heavy_jetbike, elemental_protectors, great_elemental, retributors, retributors, protectors, jetbike_protectors, shifters, shifters, elemental_strikers","HoF_ml #12 (2000pts): support_artillery, jetbike_strikers, shifters, shifters, ag_tank, protectors, support_artillery, retributors, protectors, heavy_jetbike",4,B,Player B's Support Artillery 2,hold,,,-0.8620,-0.7368,0.1253,,,,,,,False,,,
20260420_233100,2026-04-20T23:31:00.415911,win,objectives,True,"K=4,C=4,M=32,N=6","HoF_ml rank #16 (1975pts): heavy_jetbike, elemental_protectors, great_elemental, retributors, retributors, protectors, jetbike_protectors, shifters, shifters, elemental_strikers","HoF_ml #12 (2000pts): support_artillery, jetbike_strikers, shifters, shifters, ag_tank, protectors, support_artillery, retributors, protectors, heavy_jetbike",4,A,Player A's Heavy Jetbike,advance,Player B's AG Tank,,0.6535,0.7691,0.1156,Player A's Elemental Strikers,advance,model chose advance,,Player B's Support Artillery 1,0.0000,True,"29,24",Player B's Support Artillery 2,Player B's Support Artillery 2
20260420_233100,2026-04-20T23:31:00.415931,win,objectives,True,"K=4,C=4,M=32,N=6","HoF_ml rank #16 (1975pts): heavy_jetbike, elemental_protectors, great_elemental, retributors, retributors, protectors, jetbike_protectors, shifters, shifters, elemental_strikers","HoF_ml #12 (2000pts): support_artillery, jetbike_strikers, shifters, shifters, ag_tank, protectors, support_artillery, retributors, protectors, heavy_jetbike",4,B,Player B's Support Artillery 1,hold,,,-0.8294,-0.8495,-0.0200,,,,,,,False,,,
20260420_233100,2026-04-20T23:31:00.415948,win,objectives,True,"K=4,C=4,M=32,N=6","HoF_ml rank #16 (1975pts): heavy_jetbike, elemental_protectors, great_elemental, retributors, retributors, protectors, jetbike_protectors, shifters, shifters, elemental_strikers","HoF_ml #12 (2000pts): support_artillery, jetbike_strikers, shifters, shifters, ag_tank, protectors, support_artillery, retributors, protectors, heavy_jetbike",4,A,Player A's Elemental Strikers,charge,,Player B's Support Artillery 1,0.7843,0.7417,-0.0425,Player A's Elemental Strikers,charge,model chose charge,Player B's Support Artillery 1,,0.0000,False,,,
20260420_233100,2026-04-20T23:31:00.415966,win,objectives,True,"K=4,C=4,M=32,N=6","HoF_ml rank #16 (1975pts): heavy_jetbike, elemental_protectors, great_elemental, retributors, retributors, protectors, jetbike_protectors, shifters, shifters, elemental_strikers","HoF_ml #12 (2000pts): support_artillery, jetbike_strikers, shifters, shifters, ag_tank, protectors, support_artillery, retributors, protectors, heavy_jetbike",4,A,Player A's Great Elemental,advance,,,0.7417,0.7521,0.0103,Player A's Great Elemental,rush,model chose rush,,,0.0000,True,"18,19",,
20260420_235355,2026-04-20T23:53:55.052753,win,objectives,True,"K=4,C=4,M=32,N=6","HoF_ml rank #13 (2000pts): jetbike_protectors_combined, great_elemental, shifters, acolytes, jetbike_protectors, scorchers, protectors, elite_protector, support_artillery, protectors_combined","HoF_ml #25 (1990pts): great_elemental, jetbike_strikers, shifters_combined, retributors_combined, protectors_combined, combat_walker, jetbike_strikers, elven_noble, elven_noble, elite_protector",1,B,Player B's Jetbike Strikers 2,rush,,,0.5444,0.5488,0.0044,,,,,,,False,,,
20260420_235355,2026-04-20T23:53:55.052788,win,objectives,True,"K=4,C=4,M=32,N=6","HoF_ml rank #13 (2000pts): jetbike_protectors_combined, great_elemental, shifters, acolytes, jetbike_protectors, scorchers, protectors, elite_protector, support_artillery, protectors_combined","HoF_ml #25 (1990pts): great_elemental, jetbike_strikers, shifters_combined, retributors_combined, protectors_combined, combat_walker, jetbike_strikers, elven_noble, elven_noble, elite_protector",1,A,Player A's Shifters,advance,Player B's Combat Walker,,-0.3702,-0.1451,0.2250,Player A's Shifters,advance,model chose advance,,Player B's Combat Walker,0.0000,False,"35,13",Player B's Combat Walker,Player B's Combat Walker
20260420_235355,2026-04-20T23:53:55.052813,win,objectives,True,"K=4,C=4,M=32,N=6","HoF_ml rank #13 (2000pts): jetbike_protectors_combined, great_elemental, shifters, acolytes, jetbike_protectors, scorchers, protectors, elite_protector, support_artillery, protectors_combined","HoF_ml #25 (1990pts): great_elemental, jetbike_strikers, shifters_combined, retributors_combined, protectors_combined, combat_walker, jetbike_strikers, elven_noble, elven_noble, elite_protector",1,B,Player B's Retributors (Combined),rush,,,0.2580,0.2528,-0.0052,,,,,,,False,,,
20260420_235355,2026-04-20T23:53:55.052831,win,objectives,True,"K=4,C=4,M=32,N=6","HoF_ml rank #13 (2000pts): jetbike_protectors_combined, great_elemental, shifters, acolytes, jetbike_protectors, scorchers, protectors, elite_protector, support_artillery, protectors_combined","HoF_ml #25 (1990pts): great_elemental, jetbike_strikers, shifters_combined, retributors_combined, protectors_combined, combat_walker, jetbike_strikers, elven_noble, elven_noble, elite_protector",1,A,Player A's Support Artillery,hold,Player B's Shifters (Combined),,-0.1365,0.1093,0.2457,Player A's Great Elemental,rush,model chose rush,,,0.0000,True,"34,5",Player B's Elven Noble 1,Player B's Elven Noble 1
20260420_235355,2026-04-20T23:53:55.052849,win,objectives,True,"K=4,C=4,M=32,N=6","HoF_ml rank #13 (2000pts): jetbike_protectors_combined, great_elemental, shifters, acolytes, jetbike_protectors, scorchers, protectors, elite_protector, support_artillery, protectors_combined","HoF_ml #25 (1990pts): great_elemental, jetbike_strikers, shifters_combined, retributors_combined, protectors_combined, combat_walker, jetbike_strikers, elven_noble, elven_noble, elite_protector",1,B,Player B's Elite Protector,rush,,,-0.0510,-0.0574,-0.0064,,,,,,,False,,,
20260420_235355,2026-04-20T23:53:55.052865,win,objectives,True,"K=4,C=4,M=32,N=6","HoF_ml rank #13 (2000pts): jetbike_protectors_combined, great_elemental, shifters, acolytes, jetbike_protectors, scorchers, protectors, elite_protector, support_artillery, protectors_combined","HoF_ml #25 (1990pts): great_elemental, jetbike_strikers, shifters_combined, retributors_combined, protectors_combined, combat_walker, jetbike_strikers, elven_noble, elven_noble, elite_protector",1,A,Player A's Elite Protector,rush,,,0.0785,0.0711,-0.0074,Player A's Jetbike Protectors,rush,model chose rush,,,0.0000,True,"34,3",,
20260420_235355,2026-04-20T23:53:55.052882,win,objectives,True,"K=4,C=4,M=32,N=6","HoF_ml rank #13 (2000pts): jetbike_protectors_combined, great_elemental, shifters, acolytes, jetbike_protectors, scorchers, protectors, elite_protector, support_artillery, protectors_combined","HoF_ml #25 (1990pts): great_elemental, jetbike_strikers, shifters_combined, retributors_combined, protectors_combined, combat_walker, jetbike_strikers, elven_noble, elven_noble, elite_protector",1,B,Player B's Elven Noble 1,advance,,,-0.1196,-0.1407,-0.0211,,,,,,,False,,,
20260420_235355,2026-04-20T23:53:55.052897,win,objectives,True,"K=4,C=4,M=32,N=6","HoF_ml rank #13 (2000pts): jetbike_protectors_combined, great_elemental, shifters, acolytes, jetbike_protectors, scorchers, protectors, elite_protector, support_artillery, protectors_combined","HoF_ml #25 (1990pts): great_elemental, jetbike_strikers, shifters_combined, retributors_combined, protectors_combined, combat_walker, jetbike_strikers, elven_noble, elven_noble, elite_protector",1,A,Player A's Great Elemental,rush,,,0.0845,0.0292,-0.0554,Player A's Great Elemental,rush,model chose rush,,,0.0000,False,"34,19",,
20260420_235355,2026-04-20T23:53:55.052913,win,objectives,True,"K=4,C=4,M=32,N=6","HoF_ml rank #13 (2000pts): jetbike_protectors_combined, great_elemental, shifters, acolytes, jetbike_protectors, scorchers, protectors, elite_protector, support_artillery, protectors_combined","HoF_ml #25 (1990pts): great_elemental, jetbike_strikers, shifters_combined, retributors_combined, protectors_combined, combat_walker, jetbike_strikers, elven_noble, elven_noble, elite_protector",1,B,Player B's Protectors (Combined),rush,,,-0.0586,-0.1000,-0.0414,,,,,,,False,,,
20260420_235355,2026-04-20T23:53:55.052928,win,objectives,True,"K=4,C=4,M=32,N=6","HoF_ml rank #13 (2000pts): jetbike_protectors_combined, great_elemental, shifters, acolytes, jetbike_protectors, scorchers, protectors, elite_protector, support_artillery, protectors_combined","HoF_ml #25 (1990pts): great_elemental, jetbike_strikers, shifters_combined, retributors_combined, protectors_combined, combat_walker, jetbike_strikers, elven_noble, elven_noble, elite_protector",1,A,Player A's Jetbike Protectors (Combined),advance,Player B's Protectors (Combined),,0.0467,0.1170,0.0703,Player A's Jetbike Protectors,rush,model chose rush,,,0.0000,True,"21,16",,
20260420_235355,2026-04-20T23:53:55.052945,win,objectives,True,"K=4,C=4,M=32,N=6","HoF_ml rank #13 (2000pts): jetbike_protectors_combined, great_elemental, shifters, acolytes, jetbike_protectors, scorchers, protectors, elite_protector, support_artillery, protectors_combined","HoF_ml #25 (1990pts): great_elemental, jetbike_strikers, shifters_combined, retributors_combined, protectors_combined, combat_walker, jetbike_strikers, elven_noble, elven_noble, elite_protector",1,B,Player B's Great Elemental,rush,,,-0.0320,-0.0609,-0.0289,,,,,,,False,,,
20260420_235355,2026-04-20T23:53:55.052959,win,objectives,True,"K=4,C=4,M=32,N=6","HoF_ml rank #13 (2000pts): jetbike_protectors_combined, great_elemental, shifters, acolytes, jetbike_protectors, scorchers, protectors, elite_protector, support_artillery, protectors_combined","HoF_ml #25 (1990pts): great_elemental, jetbike_strikers, shifters_combined, retributors_combined, protectors_combined, combat_walker, jetbike_strikers, elven_noble, elven_noble, elite_protector",1,A,Player A's Protectors (Combined),advance,Player B's Great Elemental,,0.1658,0.2533,0.0875,Player A's Protectors (Combined),rush,model chose rush,,,0.0000,True,"62,19",,
20260420_235355,2026-04-20T23:53:55.052976,win,objectives,True,"K=4,C=4,M=32,N=6","HoF_ml rank #13 (2000pts): jetbike_protectors_combined, great_elemental, shifters, acolytes, jetbike_protectors, scorchers, protectors, elite_protector, support_artillery, protectors_combined","HoF_ml #25 (1990pts): great_elemental, jetbike_strikers, shifters_combined, retributors_combined, protectors_combined, combat_walker, jetbike_strikers, elven_noble, elven_noble, elite_protector",1,B,Player B's Jetbike Strikers 1,rush,,,-0.1010,-0.1048,-0.0039,,,,,,,False,,,
20260420_235355,2026-04-20T23:53:55.052991,win,objectives,True,"K=4,C=4,M=32,N=6","HoF_ml rank #13 (2000pts): jetbike_protectors_combined, great_elemental, shifters, acolytes, jetbike_protectors, scorchers, protectors, elite_protector, support_artillery, protectors_combined","HoF_ml #25 (1990pts): great_elemental, jetbike_strikers, shifters_combined, retributors_combined, protectors_combined, combat_walker, jetbike_strikers, elven_noble, elven_noble, elite_protector",1,A,Player A's Protectors,advance,Player B's Great Elemental,,0.2872,0.3380,0.0508,Player A's Protectors,advance,model chose advance,,Player B's Great Elemental,0.0000,False,"47,9",,
20260420_235355,2026-04-20T23:53:55.053043,win,objectives,True,"K=4,C=4,M=32,N=6","HoF_ml rank #13 (2000pts): jetbike_protectors_combined, great_elemental, shifters, acolytes, jetbike_protectors, scorchers, protectors, elite_protector, support_artillery, protectors_combined","HoF_ml #25 (1990pts): great_elemental, jetbike_strikers, shifters_combined, retributors_combined, protectors_combined, combat_walker, jetbike_strikers, elven_noble, elven_noble, elite_protector",1,B,Player B's Elven Noble 2,advance,,,-0.1354,-0.1545,-0.0191,,,,,,,False,,,
20260420_235355,2026-04-20T23:53:55.053062,win,objectives,True,"K=4,C=4,M=32,N=6","HoF_ml rank #13 (2000pts): jetbike_protectors_combined, great_elemental, shifters, acolytes, jetbike_protectors, scorchers, protectors, elite_protector, support_artillery, protectors_combined","HoF_ml #25 (1990pts): great_elemental, jetbike_strikers, shifters_combined, retributors_combined, protectors_combined, combat_walker, jetbike_strikers, elven_noble, elven_noble, elite_protector",1,A,Player A's Scorchers,rush,,,0.3506,0.3976,0.0469,Player A's Acolytes,advance,model chose advance,,Player B's Great Elemental,0.0000,True,"37,6",,
20260420_235355,2026-04-20T23:53:55.053078,win,objectives,True,"K=4,C=4,M=32,N=6","HoF_ml rank #13 (2000pts): jetbike_protectors_combined, great_elemental, shifters, acolytes, jetbike_protectors, scorchers, protectors, elite_protector, support_artillery, protectors_combined","HoF_ml #25 (1990pts): great_elemental, jetbike_strikers, shifters_combined, retributors_combined, protectors_combined, combat_walker, jetbike_strikers, elven_noble, elven_noble, elite_protector",1,B,Player B's Shifters (Combined),advance,,,-0.1867,-0.1779,0.0088,,,,,,,False,,,
20260420_235355,2026-04-20T23:53:55.053093,win,objectives,True,"K=4,C=4,M=32,N=6","HoF_ml rank #13 (2000pts): jetbike_protectors_combined, great_elemental, shifters, acolytes, jetbike_protectors, scorchers, protectors, elite_protector, support_artillery, protectors_combined","HoF_ml #25 (1990pts): great_elemental, jetbike_strikers, shifters_combined, retributors_combined, protectors_combined, combat_walker, jetbike_strikers, elven_noble, elven_noble, elite_protector",1,A,Player A's Jetbike Protectors,rush,,,0.3581,0.4106,0.0525,Player A's Acolytes,advance,model chose advance,,Player B's Great Elemental,0.0000,True,"38,22",,
20260420_235355,2026-04-20T23:53:55.053109,win,objectives,True,"K=4,C=4,M=32,N=6","HoF_ml rank #13 (2000pts): jetbike_protectors_combined, great_elemental, shifters, acolytes, jetbike_protectors, scorchers, protectors, elite_protector, support_artillery, protectors_combined","HoF_ml #25 (1990pts): great_elemental, jetbike_strikers, shifters_combined, retributors_combined, protectors_combined, combat_walker, jetbike_strikers, elven_noble, elven_noble, elite_protector",1,A,Player A's Acolytes,rush,,,0.4106,0.4645,0.0539,Player A's Acolytes,advance,model chose advance,,Player B's Great Elemental,0.0000,True,"35,4",,
20260420_235355,2026-04-20T23:53:55.053125,win,objectives,True,"K=4,C=4,M=32,N=6","HoF_ml rank #13 (2000pts): jetbike_protectors_combined, great_elemental, shifters, acolytes, jetbike_protectors, scorchers, protectors, elite_protector, support_artillery, protectors_combined","HoF_ml #25 (1990pts): great_elemental, jetbike_strikers, shifters_combined, retributors_combined, protectors_combined, combat_walker, jetbike_strikers, elven_noble, elven_noble, elite_protector",2,B,Player B's Elite Protector,advance,,,-0.1999,-0.2007,-0.0007,,,,,,,False,,,
20260420_235355,2026-04-20T23:53:55.053145,win,objectives,True,"K=4,C=4,M=32,N=6","HoF_ml rank #13 (2000pts): jetbike_protectors_combined, great_elemental, shifters, acolytes, jetbike_protectors, scorchers, protectors, elite_protector, support_artillery, protectors_combined","HoF_ml #25 (1990pts): great_elemental, jetbike_strikers, shifters_combined, retributors_combined, protectors_combined, combat_walker, jetbike_strikers, elven_noble, elven_noble, elite_protector",2,A,Player A's Shifters,advance,Player B's Shifters (Combined),,0.3908,0.5930,0.2021,Player A's Jetbike Protectors (Combined),advance,model chose advance,,Player B's Protectors (Combined),0.0000,True,"46,21",Player B's Jetbike Strikers 1,Player B's Jetbike Strikers 1
20260420_235355,2026-04-20T23:53:55.053169,win,objectives,True,"K=4,C=4,M=32,N=6","HoF_ml rank #13 (2000pts): jetbike_protectors_combined, great_elemental, shifters, acolytes, jetbike_protectors, scorchers, protectors, elite_protector, support_artillery, protectors_combined","HoF_ml #25 (1990pts): great_elemental, jetbike_strikers, shifters_combined, retributors_combined, protectors_combined, combat_walker, jetbike_strikers, elven_noble, elven_noble, elite_protector",2,B,Player B's Protectors (Combined),advance,,,-0.3609,-0.3667,-0.0059,,,,,,,False,,,
20260420_235355,2026-04-20T23:53:55.053185,win,objectives,True,"K=4,C=4,M=32,N=6","HoF_ml rank #13 (2000pts): jetbike_protectors_combined, great_elemental, shifters, acolytes, jetbike_protectors, scorchers, protectors, elite_protector, support_artillery, protectors_combined","HoF_ml #25 (1990pts): great_elemental, jetbike_strikers, shifters_combined, retributors_combined, protectors_combined, combat_walker, jetbike_strikers, elven_noble, elven_noble, elite_protector",2,A,Player A's Scorchers,advance,Player B's Retributors (Combined),,0.5825,0.6960,0.1135,Player A's Jetbike Protectors (Combined),advance,model chose advance,,Player B's Protectors (Combined),0.0000,True,"26,13",,Player B's Jetbike Strikers 2
20260420_235355,2026-04-20T23:53:55.053202,win,objectives,True,"K=4,C=4,M=32,N=6","HoF_ml rank #13 (2000pts): jetbike_protectors_combined, great_elemental, shifters, acolytes, jetbike_protectors, scorchers, protectors, elite_protector, support_artillery, protectors_combined","HoF_ml #25 (1990pts): great_elemental, jetbike_strikers, shifters_combined, retributors_combined, protectors_combined, combat_walker, jetbike_strikers, elven_noble, elven_noble, elite_protector",2,B,Player B's Retributors (Combined),advance,,,-0.5290,-0.5095,0.0195,,,,,,,False,,,
20260420_235355,2026-04-20T23:53:55.053216,win,objectives,True,"K=4,C=4,M=32,N=6","HoF_ml rank #13 (2000pts): jetbike_protectors_combined, great_elemental, shifters, acolytes, jetbike_protectors, scorchers, protectors, elite_protector, support_artillery, protectors_combined","HoF_ml #25 (1990pts): great_elemental, jetbike_strikers, shifters_combined, retributors_combined, protectors_combined, combat_walker, jetbike_strikers, elven_noble, elven_noble, elite_protector",2,A,Player A's Jetbike Protectors,advance,Player B's Jetbike Strikers 1,,0.6825,0.6649,-0.0176,Player A's Jetbike Protectors (Combined),advance,model chose advance,,Player B's Protectors (Combined),0.0000,True,"36,22",Player B's Jetbike Strikers 1,Player B's Jetbike Strikers 1
20260420_235355,2026-04-20T23:53:55.053234,win,objectives,True,"K=4,C=4,M=32,N=6","HoF_ml rank #13 (2000pts): jetbike_protectors_combined, great_elemental, shifters, acolytes, jetbike_protectors, scorchers, protectors, elite_protector, support_artillery, protectors_combined","HoF_ml #25 (1990pts): great_elemental, jetbike_strikers, shifters_combined, retributors_combined, protectors_combined, combat_walker, jetbike_strikers, elven_noble, elven_noble, elite_protector",2,B,Player B's Jetbike Strikers 1,advance,,,-0.4996,-0.4843,0.0153,,,,,,,False,,,
20260420_235355,2026-04-20T23:53:55.053253,win,objectives,True,"K=4,C=4,M=32,N=6","HoF_ml rank #13 (2000pts): jetbike_protectors_combined, great_elemental, shifters, acolytes, jetbike_protectors, scorchers, protectors, elite_protector, support_artillery, protectors_combined","HoF_ml #25 (1990pts): great_elemental, jetbike_strikers, shifters_combined, retributors_combined, protectors_combined, combat_walker, jetbike_strikers, elven_noble, elven_noble, elite_protector",2,A,Player A's Protectors (Combined),advance,Player B's Great Elemental,,0.6402,0.7420,0.1018,Player A's Protectors (Combined),advance,model chose advance,,Player B's Great Elemental,0.0000,False,"54,23",Player B's Great Elemental,Player B's Great Elemental
20260420_235355,2026-04-20T23:53:55.053294,win,objectives,True,"K=4,C=4,M=32,N=6","HoF_ml rank #13 (2000pts): jetbike_protectors_combined, great_elemental, shifters, acolytes, jetbike_protectors, scorchers, protectors, elite_protector, support_artillery, protectors_combined","HoF_ml #25 (1990pts): great_elemental, jetbike_strikers, shifters_combined, retributors_combined, protectors_combined, combat_walker, jetbike_strikers, elven_noble, elven_noble, elite_protector",2,B,Player B's Elven Noble 1,advance,,,-0.6266,-0.6454,-0.0189,,,,,,,False,,,
20260420_235355,2026-04-20T23:53:55.053312,win,objectives,True,"K=4,C=4,M=32,N=6","HoF_ml rank #13 (2000pts): jetbike_protectors_combined, great_elemental, shifters, acolytes, jetbike_protectors, scorchers, protectors, elite_protector, support_artillery, protectors_combined","HoF_ml #25 (1990pts): great_elemental, jetbike_strikers, shifters_combined, retributors_combined, protectors_combined, combat_walker, jetbike_strikers, elven_noble, elven_noble, elite_protector",2,A,Player A's Protectors,advance,Player B's Great Elemental,,0.7463,0.7304,-0.0159,Player A's Great Elemental,advance,model chose advance,,Player B's Protectors (Combined),0.0000,True,"49,18",Player B's Great Elemental,Player B's Great Elemental
20260420_235355,2026-04-20T23:53:55.053330,win,objectives,True,"K=4,C=4,M=32,N=6","HoF_ml rank #13 (2000pts): jetbike_protectors_combined, great_elemental, shifters, acolytes, jetbike_protectors, scorchers, protectors, elite_protector, support_artillery, protectors_combined","HoF_ml #25 (1990pts): great_elemental, jetbike_strikers, shifters_combined, retributors_combined, protectors_combined, combat_walker, jetbike_strikers, elven_noble, elven_noble, elite_protector",2,B,Player B's Elven Noble 2,advance,,,-0.6240,-0.6239,0.0000,,,,,,,False,,,
20260420_235355,2026-04-20T23:53:55.053344,win,objectives,True,"K=4,C=4,M=32,N=6","HoF_ml rank #13 (2000pts): jetbike_protectors_combined, great_elemental, shifters, acolytes, jetbike_protectors, scorchers, protectors, elite_protector, support_artillery, protectors_combined","HoF_ml #25 (1990pts): great_elemental, jetbike_strikers, shifters_combined, retributors_combined, protectors_combined, combat_walker, jetbike_strikers, elven_noble, elven_noble, elite_protector",2,A,Player A's Support Artillery,hold,Player B's Jetbike Strikers 2,,0.7360,0.7812,0.0453,Player A's Great Elemental,advance,model chose advance,,Player B's Protectors (Combined),0.0000,True,"34,5",Player B's Retributors (Combined),Player B's Retributors (Combined)
20260420_235355,2026-04-20T23:53:55.053362,win,objectives,True,"K=4,C=4,M=32,N=6","HoF_ml rank #13 (2000pts): jetbike_protectors_combined, great_elemental, shifters, acolytes, jetbike_protectors, scorchers, protectors, elite_protector, support_artillery, protectors_combined","HoF_ml #25 (1990pts): great_elemental, jetbike_strikers, shifters_combined, retributors_combined, protectors_combined, combat_walker, jetbike_strikers, elven_noble, elven_noble, elite_protector",2,B,Player B's Great Elemental,charge,,,-0.6836,-0.6903,-0.0067,,,,,,,False,,,
20260420_235355,2026-04-20T23:53:55.053376,win,objectives,True,"K=4,C=4,M=32,N=6","HoF_ml rank #13 (2000pts): jetbike_protectors_combined, great_elemental, shifters, acolytes, jetbike_protectors, scorchers, protectors, elite_protector, support_artillery, protectors_combined","HoF_ml #25 (1990pts): great_elemental, jetbike_strikers, shifters_combined, retributors_combined, protectors_combined, combat_walker, jetbike_strikers, elven_noble, elven_noble, elite_protector",2,A,Player A's Jetbike Protectors (Combined),advance,Player B's Protectors (Combined),,0.7793,0.7899,0.0105,Player A's Great Elemental,advance,model chose advance,,Player B's Protectors (Combined),0.0000,True,"18,23",Player B's Protectors (Combined),Player B's Protectors (Combined)
20260420_235355,2026-04-20T23:53:55.053394,win,objectives,True,"K=4,C=4,M=32,N=6","HoF_ml rank #13 (2000pts): jetbike_protectors_combined, great_elemental, shifters, acolytes, jetbike_protectors, scorchers, protectors, elite_protector, support_artillery, protectors_combined","HoF_ml #25 (1990pts): great_elemental, jetbike_strikers, shifters_combined, retributors_combined, protectors_combined, combat_walker, jetbike_strikers, elven_noble, elven_noble, elite_protector",2,B,Player B's Jetbike Strikers 2,advance,,,-0.7488,-0.7479,0.0009,,,,,,,False,,,
20260420_235355,2026-04-20T23:53:55.053408,win,objectives,True,"K=4,C=4,M=32,N=6","HoF_ml rank #13 (2000pts): jetbike_protectors_combined, great_elemental, shifters, acolytes, jetbike_protectors, scorchers, protectors, elite_protector, support_artillery, protectors_combined","HoF_ml #25 (1990pts): great_elemental, jetbike_strikers, shifters_combined, retributors_combined, protectors_combined, combat_walker, jetbike_strikers, elven_noble, elven_noble, elite_protector",2,A,Player A's Great Elemental,charge,,Player B's Protectors (Combined),0.7646,0.7871,0.0225,Player A's Great Elemental,advance,model chose advance,,Player B's Protectors (Combined),0.0000,True,,,
20260420_235355,2026-04-20T23:53:55.053425,win,objectives,True,"K=4,C=4,M=32,N=6","HoF_ml rank #13 (2000pts): jetbike_protectors_combined, great_elemental, shifters, acolytes, jetbike_protectors, scorchers, protectors, elite_protector, support_artillery, protectors_combined","HoF_ml #25 (1990pts): great_elemental, jetbike_strikers, shifters_combined, retributors_combined, protectors_combined, combat_walker, jetbike_strikers, elven_noble, elven_noble, elite_protector",2,A,Player A's Acolytes,advance,Player B's Jetbike Strikers 2,,0.7871,0.7931,0.0061,Player A's Acolytes,advance,model chose advance,,Player B's Great Elemental,0.0000,False,"33,13",,Player B's Jetbike Strikers 2
20260420_235355,2026-04-20T23:53:55.053442,win,objectives,True,"K=4,C=4,M=32,N=6","HoF_ml rank #13 (2000pts): jetbike_protectors_combined, great_elemental, shifters, acolytes, jetbike_protectors, scorchers, protectors, elite_protector, support_artillery, protectors_combined","HoF_ml #25 (1990pts): great_elemental, jetbike_strikers, shifters_combined, retributors_combined, protectors_combined, combat_walker, jetbike_strikers, elven_noble, elven_noble, elite_protector",2,A,Player A's Elite Protector,rush,,,0.7931,0.7863,-0.0068,Player A's Elite Protector,advance,model chose advance,,Player B's Great Elemental,0.0000,True,"30,15",,
20260420_235355,2026-04-20T23:53:55.053458,win,objectives,True,"K=4,C=4,M=32,N=6","HoF_ml rank #13 (2000pts): jetbike_protectors_combined, great_elemental, shifters, acolytes, jetbike_protectors, scorchers, protectors, elite_protector, support_artillery, protectors_combined","HoF_ml #25 (1990pts): great_elemental, jetbike_strikers, shifters_combined, retributors_combined, protectors_combined, combat_walker, jetbike_strikers, elven_noble, elven_noble, elite_protector",3,B,Player B's Retributors (Combined),charge,,,-0.7543,-0.7935,-0.0392,,,,,,,False,,,
20260420_235355,2026-04-20T23:53:55.053472,win,objectives,True,"K=4,C=4,M=32,N=6","HoF_ml rank #13 (2000pts): jetbike_protectors_combined, great_elemental, shifters, acolytes, jetbike_protectors, scorchers, protectors, elite_protector, support_artillery, protectors_combined","HoF_ml #25 (1990pts): great_elemental, jetbike_strikers, shifters_combined, retributors_combined, protectors_combined, combat_walker, jetbike_strikers, elven_noble, elven_noble, elite_protector",3,A,Player A's Protectors (Combined),advance,Player B's Great Elemental,,0.8468,0.8651,0.0183,Player A's Protectors (Combined),advance,model chose advance,,Player B's Great Elemental,0.0000,False,"54,29",Player B's Great Elemental,Player B's Great Elemental
20260420_235355,2026-04-20T23:53:55.053513,win,objectives,True,"K=4,C=4,M=32,N=6","HoF_ml rank #13 (2000pts): jetbike_protectors_combined, great_elemental, shifters, acolytes, jetbike_protectors, scorchers, protectors, elite_protector, support_artillery, protectors_combined","HoF_ml #25 (1990pts): great_elemental, jetbike_strikers, shifters_combined, retributors_combined, protectors_combined, combat_walker, jetbike_strikers, elven_noble, elven_noble, elite_protector",3,B,Player B's Jetbike Strikers 2,advance,,,-0.8020,-0.8019,0.0002,,,,,,,False,,,
20260420_235355,2026-04-20T23:53:55.053530,win,objectives,True,"K=4,C=4,M=32,N=6","HoF_ml rank #13 (2000pts): jetbike_protectors_combined, great_elemental, shifters, acolytes, jetbike_protectors, scorchers, protectors, elite_protector, support_artillery, protectors_combined","HoF_ml #25 (1990pts): great_elemental, jetbike_strikers, shifters_combined, retributors_combined, protectors_combined, combat_walker, jetbike_strikers, elven_noble, elven_noble, elite_protector",3,A,Player A's Jetbike Protectors (Combined),advance,Player B's Jetbike Strikers 1,,0.8646,0.8980,0.0334,Player A's Shifters,advance,model chose advance,,Player B's Jetbike Strikers 2,0.0000,True,"23,31",Player B's Jetbike Strikers 1,Player B's Jetbike Strikers 2
20260420_235355,2026-04-20T23:53:55.053548,win,objectives,True,"K=4,C=4,M=32,N=6","HoF_ml rank #13 (2000pts): jetbike_protectors_combined, great_elemental, shifters, acolytes, jetbike_protectors, scorchers, protectors, elite_protector, support_artillery, protectors_combined","HoF_ml #25 (1990pts): great_elemental, jetbike_strikers, shifters_combined, retributors_combined, protectors_combined, combat_walker, jetbike_strikers, elven_noble, elven_noble, elite_protector",3,B,Player B's Elven Noble 1,advance,,,-0.8770,-0.8655,0.0115,,,,,,,False,,,
20260420_235355,2026-04-20T23:53:55.053562,win,objectives,True,"K=4,C=4,M=32,N=6","HoF_ml rank #13 (2000pts): jetbike_protectors_combined, great_elemental, shifters, acolytes, jetbike_protectors, scorchers, protectors, elite_protector, support_artillery, protectors_combined","HoF_ml #25 (1990pts): great_elemental, jetbike_strikers, shifters_combined, retributors_combined, protectors_combined, combat_walker, jetbike_strikers, elven_noble, elven_noble, elite_protector",3,A,Player A's Protectors,advance,Player B's Great Elemental,,0.8901,0.8839,-0.0062,Player A's Jetbike Protectors,charge,model chose charge,Player B's Great Elemental,,0.0000,True,"44,32",Player B's Jetbike Strikers 2,Player B's Great Elemental
20260420_235355,2026-04-20T23:53:55.053580,win,objectives,True,"K=4,C=4,M=32,N=6","HoF_ml rank #13 (2000pts): jetbike_protectors_combined, great_elemental, shifters, acolytes, jetbike_protectors, scorchers, protectors, elite_protector, support_artillery, protectors_combined","HoF_ml #25 (1990pts): great_elemental, jetbike_strikers, shifters_combined, retributors_combined, protectors_combined, combat_walker, jetbike_strikers, elven_noble, elven_noble, elite_protector",3,B,Player B's Great Elemental,charge,,,-0.8705,-0.8358,0.0347,,,,,,,False,,,
20260420_235355,2026-04-20T23:53:55.053594,win,objectives,True,"K=4,C=4,M=32,N=6","HoF_ml rank #13 (2000pts): jetbike_protectors_combined, great_elemental, shifters, acolytes, jetbike_protectors, scorchers, protectors, elite_protector, support_artillery, protectors_combined","HoF_ml #25 (1990pts): great_elemental, jetbike_strikers, shifters_combined, retributors_combined, protectors_combined, combat_walker, jetbike_strikers, elven_noble, elven_noble, elite_protector",3,A,Player A's Jetbike Protectors,advance,Player B's Great Elemental,,0.8240,0.8385,0.0145,Player A's Jetbike Protectors,charge,model chose charge,Player B's Jetbike Strikers 2,,0.0000,True,"42,30",Player B's Jetbike Strikers 2,Player B's Great Elemental
20260420_235355,2026-04-20T23:53:55.053611,win,objectives,True,"K=4,C=4,M=32,N=6","HoF_ml rank #13 (2000pts): jetbike_protectors_combined, great_elemental, shifters, acolytes, jetbike_protectors, scorchers, protectors, elite_protector, support_artillery, protectors_combined","HoF_ml #25 (1990pts): great_elemental, jetbike_strikers, shifters_combined, retributors_combined, protectors_combined, combat_walker, jetbike_strikers, elven_noble, elven_noble, elite_protector",3,B,Player B's Elite Protector,charge,,,-0.8359,-0.8138,0.0221,,,,,,,False,,,
20260420_235355,2026-04-20T23:53:55.053625,win,objectives,True,"K=4,C=4,M=32,N=6","HoF_ml rank #13 (2000pts): jetbike_protectors_combined, great_elemental, shifters, acolytes, jetbike_protectors, scorchers, protectors, elite_protector, support_artillery, protectors_combined","HoF_ml #25 (1990pts): great_elemental, jetbike_strikers, shifters_combined, retributors_combined, protectors_combined, combat_walker, jetbike_strikers, elven_noble, elven_noble, elite_protector",3,A,Player A's Support Artillery,hold,Player B's Great Elemental,,0.8239,0.8480,0.0241,Player A's Acolytes,charge,model chose charge,Player B's Elite Protector,,0.0000,True,"34,5",Player B's Elite Protector,Player B's Elite Protector
20260420_235355,2026-04-20T23:53:55.053643,win,objectives,True,"K=4,C=4,M=32,N=6","HoF_ml rank #13 (2000pts): jetbike_protectors_combined, great_elemental, shifters, acolytes, jetbike_protectors, scorchers, protectors, elite_protector, support_artillery, protectors_combined","HoF_ml #25 (1990pts): great_elemental, jetbike_strikers, shifters_combined, retributors_combined, protectors_combined, combat_walker, jetbike_strikers, elven_noble, elven_noble, elite_protector",3,B,Player B's Elven Noble 2,rush,,,-0.8124,-0.8041,0.0083,,,,,,,False,,,
20260420_235355,2026-04-20T23:53:55.053657,win,objectives,True,"K=4,C=4,M=32,N=6","HoF_ml rank #13 (2000pts): jetbike_protectors_combined, great_elemental, shifters, acolytes, jetbike_protectors, scorchers, protectors, elite_protector, support_artillery, protectors_combined","HoF_ml #25 (1990pts): great_elemental, jetbike_strikers, shifters_combined, retributors_combined, protectors_combined, combat_walker, jetbike_strikers, elven_noble, elven_noble, elite_protector",3,A,Player A's Great Elemental,charge,,Player B's Elven Noble 2,0.8510,0.8269,-0.0241,Player A's Shifters,advance,model chose advance,,Player B's Jetbike Strikers 2,0.0000,True,,,
20260420_235355,2026-04-20T23:53:55.053673,win,objectives,True,"K=4,C=4,M=32,N=6","HoF_ml rank #13 (2000pts): jetbike_protectors_combined, great_elemental, shifters, acolytes, jetbike_protectors, scorchers, protectors, elite_protector, support_artillery, protectors_combined","HoF_ml #25 (1990pts): great_elemental, jetbike_strikers, shifters_combined, retributors_combined, protectors_combined, combat_walker, jetbike_strikers, elven_noble, elven_noble, elite_protector",3,A,Player A's Shifters,hold,,,0.8269,0.8093,-0.0176,Player A's Shifters,advance,model chose advance,,Player B's Jetbike Strikers 2,0.0000,True,"35,27",Player B's Jetbike Strikers 2,Player B's Jetbike Strikers 2
20260420_235355,2026-04-20T23:53:55.053689,win,objectives,True,"K=4,C=4,M=32,N=6","HoF_ml rank #13 (2000pts): jetbike_protectors_combined, great_elemental, shifters, acolytes, jetbike_protectors, scorchers, protectors, elite_protector, support_artillery, protectors_combined","HoF_ml #25 (1990pts): great_elemental, jetbike_strikers, shifters_combined, retributors_combined, protectors_combined, combat_walker, jetbike_strikers, elven_noble, elven_noble, elite_protector",3,A,Player A's Acolytes,charge,,Player B's Elite Protector,0.8093,0.8405,0.0312,Player A's Acolytes,advance,model chose advance,,Player B's Elite Protector,0.0000,True,,,
20260420_235355,2026-04-20T23:53:55.053715,win,objectives,True,"K=4,C=4,M=32,N=6","HoF_ml rank #13 (2000pts): jetbike_protectors_combined, great_elemental, shifters, acolytes, jetbike_protectors, scorchers, protectors, elite_protector, support_artillery, protectors_combined","HoF_ml #25 (1990pts): great_elemental, jetbike_strikers, shifters_combined, retributors_combined, protectors_combined, combat_walker, jetbike_strikers, elven_noble, elven_noble, elite_protector",4,B,Player B's Jetbike Strikers 2,advance,,,-0.8405,-0.8254,0.0151,,,,,,,False,,,
20260420_235355,2026-04-20T23:53:55.053731,win,objectives,True,"K=4,C=4,M=32,N=6","HoF_ml rank #13 (2000pts): jetbike_protectors_combined, great_elemental, shifters, acolytes, jetbike_protectors, scorchers, protectors, elite_protector, support_artillery, protectors_combined","HoF_ml #25 (1990pts): great_elemental, jetbike_strikers, shifters_combined, retributors_combined, protectors_combined, combat_walker, jetbike_strikers, elven_noble, elven_noble, elite_protector",4,A,Player A's Jetbike Protectors (Combined),advance,Player B's Elven Noble 1,,0.8142,0.8537,0.0395,Player A's Jetbike Protectors (Combined),advance,model chose advance,,Player B's Jetbike Strikers 2,0.0000,False,"33,37",Player B's Jetbike Strikers 2,Player B's Jetbike Strikers 2
20260420_235355,2026-04-20T23:53:55.053748,win,objectives,True,"K=4,C=4,M=32,N=6","HoF_ml rank #13 (2000pts): jetbike_protectors_combined, great_elemental, shifters, acolytes, jetbike_protectors, scorchers, protectors, elite_protector, support_artillery, protectors_combined","HoF_ml #25 (1990pts): great_elemental, jetbike_strikers, shifters_combined, retributors_combined, protectors_combined, combat_walker, jetbike_strikers, elven_noble, elven_noble, elite_protector",4,A,Player A's Protectors,advance,,,0.8537,0.9056,0.0519,Player A's Jetbike Protectors,advance,model chose advance,,Player B's Jetbike Strikers 2,0.0000,True,"41,33",Player B's Jetbike Strikers 2,
20260420_235355,2026-04-20T23:53:55.053765,win,objectives,True,"K=4,C=4,M=32,N=6","HoF_ml rank #13 (2000pts): jetbike_protectors_combined, great_elemental, shifters, acolytes, jetbike_protectors, scorchers, protectors, elite_protector, support_artillery, protectors_combined","HoF_ml #25 (1990pts): great_elemental, jetbike_strikers, shifters_combined, retributors_combined, protectors_combined, combat_walker, jetbike_strikers, elven_noble, elven_noble, elite_protector",4,A,Player A's Jetbike Protectors,advance,Player B's Jetbike Strikers 2,,0.9056,0.9059,0.0002,Player A's Jetbike Protectors,charge,model chose charge,Player B's Jetbike Strikers 2,,0.0000,True,"41,33",Player B's Jetbike Strikers 2,Player B's Jetbike Strikers 2
20260420_235355,2026-04-20T23:53:55.053783,win,objectives,True,"K=4,C=4,M=32,N=6","HoF_ml rank #13 (2000pts): jetbike_protectors_combined, great_elemental, shifters, acolytes, jetbike_protectors, scorchers, protectors, elite_protector, support_artillery, protectors_combined","HoF_ml #25 (1990pts): great_elemental, jetbike_strikers, shifters_combined, retributors_combined, protectors_combined, combat_walker, jetbike_strikers, elven_noble, elven_noble, elite_protector",4,A,Player A's Acolytes,hold,,,0.9059,0.9027,-0.0031,Player A's Support Artillery,hold,artillery holds position,,,0.0000,True,"41,30",,
20260420_235355,2026-04-20T23:53:55.053799,win,objectives,True,"K=4,C=4,M=32,N=6","HoF_ml rank #13 (2000pts): jetbike_protectors_combined, great_elemental, shifters, acolytes, jetbike_protectors, scorchers, protectors, elite_protector, support_artillery, protectors_combined","HoF_ml #25 (1990pts): great_elemental, jetbike_strikers, shifters_combined, retributors_combined, protectors_combined, combat_walker, jetbike_strikers, elven_noble, elven_noble, elite_protector",4,A,Player A's Support Artillery,hold,,,0.9027,0.9106,0.0078,Player A's Support Artillery,hold,artillery holds position,,,0.0000,False,"34,5",,
20260420_235355,2026-04-20T23:53:55.053815,win,objectives,True,"K=4,C=4,M=32,N=6","HoF_ml rank #13 (2000pts): jetbike_protectors_combined, great_elemental, shifters, acolytes, jetbike_protectors, scorchers, protectors, elite_protector, support_artillery, protectors_combined","HoF_ml #25 (1990pts): great_elemental, jetbike_strikers, shifters_combined, retributors_combined, protectors_combined, combat_walker, jetbike_strikers, elven_noble, elven_noble, elite_protector",4,A,Player A's Great Elemental,rush,,,0.9106,0.9072,-0.0033,Player A's Great Elemental,hold,no enemies alive,,,0.0000,True,"18,19",,
20260421_001111,2026-04-21T00:11:11.233386,win,objectives,True,"K=4,C=4,M=32,N=6","HoF_ml rank #13 (2000pts): jetbike_protectors_combined, great_elemental, shifters, acolytes, jetbike_protectors, scorchers, protectors, elite_protector, support_artillery, protectors_combined","HoF_ml #10 (1970pts): support_artillery, jetbike_strikers, shifters, shifters, ag_tank, protectors, support_artillery, strikers, protectors, retributors",1,A,Player A's Shifters,advance,Player B's Strikers,,-0.0410,-0.0027,0.0382,Player A's Jetbike Protectors,advance,model chose advance,,Player B's Strikers,0.0000,True,"31,14",Player B's Strikers,Player B's Strikers
20260421_001111,2026-04-21T00:11:11.233433,win,objectives,True,"K=4,C=4,M=32,N=6","HoF_ml rank #13 (2000pts): jetbike_protectors_combined, great_elemental, shifters, acolytes, jetbike_protectors, scorchers, protectors, elite_protector, support_artillery, protectors_combined","HoF_ml #10 (1970pts): support_artillery, jetbike_strikers, shifters, shifters, ag_tank, protectors, support_artillery, strikers, protectors, retributors",1,B,Player B's AG Tank,advance,,,0.0488,0.0789,0.0301,,,,,,,False,,,
20260421_001111,2026-04-21T00:11:11.233457,win,objectives,True,"K=4,C=4,M=32,N=6","HoF_ml rank #13 (2000pts): jetbike_protectors_combined, great_elemental, shifters, acolytes, jetbike_protectors, scorchers, protectors, elite_protector, support_artillery, protectors_combined","HoF_ml #10 (1970pts): support_artillery, jetbike_strikers, shifters, shifters, ag_tank, protectors, support_artillery, strikers, protectors, retributors",1,A,Player A's Elite Protector,rush,,,-0.0243,0.0460,0.0704,Player A's Acolytes,advance,model chose advance,,Player B's Support Artillery 1,0.0000,True,"37,11",,
20260421_001111,2026-04-21T00:11:11.233480,win,objectives,True,"K=4,C=4,M=32,N=6","HoF_ml rank #13 (2000pts): jetbike_protectors_combined, great_elemental, shifters, acolytes, jetbike_protectors, scorchers, protectors, elite_protector, support_artillery, protectors_combined","HoF_ml #10 (1970pts): support_artillery, jetbike_strikers, shifters, shifters, ag_tank, protectors, support_artillery, strikers, protectors, retributors",1,B,Player B's Protectors 2,advance,,,0.0079,-0.0255,-0.0334,,,,,,,False,,,
20260421_001111,2026-04-21T00:11:11.233499,win,objectives,True,"K=4,C=4,M=32,N=6","HoF_ml rank #13 (2000pts): jetbike_protectors_combined, great_elemental, shifters, acolytes, jetbike_protectors, scorchers, protectors, elite_protector, support_artillery, protectors_combined","HoF_ml #10 (1970pts): support_artillery, jetbike_strikers, shifters, shifters, ag_tank, protectors, support_artillery, strikers, protectors, retributors",1,A,Player A's Jetbike Protectors (Combined),advance,Player B's Protectors 2,,0.0684,0.0781,0.0097,Player A's Acolytes,rush,model chose rush,,,0.0000,True,"19,18",Player B's AG Tank,Player B's Protectors 2
20260421_001111,2026-04-21T00:11:11.233523,win,objectives,True,"K=4,C=4,M=32,N=6","HoF_ml rank #13 (2000pts): jetbike_protectors_combined, great_elemental, shifters, acolytes, jetbike_protectors, scorchers, protectors, elite_protector, support_artillery, protectors_combined","HoF_ml #10 (1970pts): support_artillery, jetbike_strikers, shifters, shifters, ag_tank, protectors, support_artillery, strikers, protectors, retributors",1,B,Player B's Retributors,advance,,,-0.0034,0.0253,0.0287,,,,,,,False,,,
20260421_001111,2026-04-21T00:11:11.233541,win,objectives,True,"K=4,C=4,M=32,N=6","HoF_ml rank #13 (2000pts): jetbike_protectors_combined, great_elemental, shifters, acolytes, jetbike_protectors, scorchers, protectors, elite_protector, support_artillery, protectors_combined","HoF_ml #10 (1970pts): support_artillery, jetbike_strikers, shifters, shifters, ag_tank, protectors, support_artillery, strikers, protectors, retributors",1,A,Player A's Great Elemental,advance,Player B's AG Tank,,-0.0200,0.0174,0.0375,Player A's Jetbike Protectors,rush,model chose rush,,,0.0000,True,"30,22",,Player B's AG Tank
20260421_001111,2026-04-21T00:11:11.233562,win,objectives,True,"K=4,C=4,M=32,N=6","HoF_ml rank #13 (2000pts): jetbike_protectors_combined, great_elemental, shifters, acolytes, jetbike_protectors, scorchers, protectors, elite_protector, support_artillery, protectors_combined","HoF_ml #10 (1970pts): support_artillery, jetbike_strikers, shifters, shifters, ag_tank, protectors, support_artillery, strikers, protectors, retributors",1,B,Player B's Support Artillery 2,hold,,,0.0544,-0.0263,-0.0808,,,,,,,False,,,
20260421_001111,2026-04-21T00:11:11.233579,win,objectives,True,"K=4,C=4,M=32,N=6","HoF_ml rank #13 (2000pts): jetbike_protectors_combined, great_elemental, shifters, acolytes, jetbike_protectors, scorchers, protectors, elite_protector, support_artillery, protectors_combined","HoF_ml #10 (1970pts): support_artillery, jetbike_strikers, shifters, shifters, ag_tank, protectors, support_artillery, strikers, protectors, retributors",1,A,Player A's Support Artillery,hold,Player B's Shifters 2,,0.0523,0.1618,0.1095,Player A's Jetbike Protectors,rush,model chose rush,,,0.0000,True,"34,5",Player B's Support Artillery 2,Player B's Support Artillery 2
20260421_001111,2026-04-21T00:11:11.233601,win,objectives,True,"K=4,C=4,M=32,N=6","HoF_ml rank #13 (2000pts): jetbike_protectors_combined, great_elemental, shifters, acolytes, jetbike_protectors, scorchers, protectors, elite_protector, support_artillery, protectors_combined","HoF_ml #10 (1970pts): support_artillery, jetbike_strikers, shifters, shifters, ag_tank, protectors, support_artillery, strikers, protectors, retributors",1,B,Player B's Shifters 2,advance,,,-0.1442,-0.1088,0.0354,,,,,,,False,,,
20260421_001111,2026-04-21T00:11:11.233619,win,objectives,True,"K=4,C=4,M=32,N=6","HoF_ml rank #13 (2000pts): jetbike_protectors_combined, great_elemental, shifters, acolytes, jetbike_protectors, scorchers, protectors, elite_protector, support_artillery, protectors_combined","HoF_ml #10 (1970pts): support_artillery, jetbike_strikers, shifters, shifters, ag_tank, protectors, support_artillery, strikers, protectors, retributors",1,A,Player A's Acolytes,rush,,,0.1320,0.1634,0.0313,Player A's Jetbike Protectors,rush,model chose rush,,,0.0000,True,"35,4",,
20260421_001111,2026-04-21T00:11:11.233638,win,objectives,True,"K=4,C=4,M=32,N=6","HoF_ml rank #13 (2000pts): jetbike_protectors_combined, great_elemental, shifters, acolytes, jetbike_protectors, scorchers, protectors, elite_protector, support_artillery, protectors_combined","HoF_ml #10 (1970pts): support_artillery, jetbike_strikers, shifters, shifters, ag_tank, protectors, support_artillery, strikers, protectors, retributors",1,B,Player B's Jetbike Strikers,rush,,,-0.1800,-0.2904,-0.1104,,,,,,,False,,,
20260421_001111,2026-04-21T00:11:11.233657,win,objectives,True,"K=4,C=4,M=32,N=6","HoF_ml rank #13 (2000pts): jetbike_protectors_combined, great_elemental, shifters, acolytes, jetbike_protectors, scorchers, protectors, elite_protector, support_artillery, protectors_combined","HoF_ml #10 (1970pts): support_artillery, jetbike_strikers, shifters, shifters, ag_tank, protectors, support_artillery, strikers, protectors, retributors",1,A,Player A's Jetbike Protectors,advance,Player B's Jetbike Strikers,,0.2987,0.4052,0.1065,Player A's Jetbike Protectors,advance,model chose advance,,Player B's Jetbike Strikers,0.0000,False,"40,14",Player B's Jetbike Strikers,Player B's Jetbike Strikers
20260421_001111,2026-04-21T00:11:11.233678,win,objectives,True,"K=4,C=4,M=32,N=6","HoF_ml rank #13 (2000pts): jetbike_protectors_combined, great_elemental, shifters, acolytes, jetbike_protectors, scorchers, protectors, elite_protector, support_artillery, protectors_combined","HoF_ml #10 (1970pts): support_artillery, jetbike_strikers, shifters, shifters, ag_tank, protectors, support_artillery, strikers, protectors, retributors",1,B,Player B's Shifters 1,advance,,,-0.3982,-0.2801,0.1181,,,,,,,False,,,
20260421_001111,2026-04-21T00:11:11.233696,win,objectives,True,"K=4,C=4,M=32,N=6","HoF_ml rank #13 (2000pts): jetbike_protectors_combined, great_elemental, shifters, acolytes, jetbike_protectors, scorchers, protectors, elite_protector, support_artillery, protectors_combined","HoF_ml #10 (1970pts): support_artillery, jetbike_strikers, shifters, shifters, ag_tank, protectors, support_artillery, strikers, protectors, retributors",1,A,Player A's Protectors,advance,Player B's Shifters 1,,0.3441,0.4280,0.0839,Player A's Protectors (Combined),rush,model chose rush,,,0.0000,True,"45,17",Player B's Jetbike Strikers,Player B's Jetbike Strikers
20260421_001111,2026-04-21T00:11:11.233749,win,objectives,True,"K=4,C=4,M=32,N=6","HoF_ml rank #13 (2000pts): jetbike_protectors_combined, great_elemental, shifters, acolytes, jetbike_protectors, scorchers, protectors, elite_protector, support_artillery, protectors_combined","HoF_ml #10 (1970pts): support_artillery, jetbike_strikers, shifters, shifters, ag_tank, protectors, support_artillery, strikers, protectors, retributors",1,B,Player B's Support Artillery 1,hold,,,-0.4732,-0.4627,0.0105,,,,,,,False,,,
20260421_001111,2026-04-21T00:11:11.233769,win,objectives,True,"K=4,C=4,M=32,N=6","HoF_ml rank #13 (2000pts): jetbike_protectors_combined, great_elemental, shifters, acolytes, jetbike_protectors, scorchers, protectors, elite_protector, support_artillery, protectors_combined","HoF_ml #10 (1970pts): support_artillery, jetbike_strikers, shifters, shifters, ag_tank, protectors, support_artillery, strikers, protectors, retributors",1,A,Player A's Protectors (Combined),advance,Player B's Jetbike Strikers,,0.3698,0.4458,0.0760,Player A's Protectors (Combined),rush,model chose rush,,,0.0000,True,"58,21",,
20260421_001111,2026-04-21T00:11:11.233790,win,objectives,True,"K=4,C=4,M=32,N=6","HoF_ml rank #13 (2000pts): jetbike_protectors_combined, great_elemental, shifters, acolytes, jetbike_protectors, scorchers, protectors, elite_protector, support_artillery, protectors_combined","HoF_ml #10 (1970pts): support_artillery, jetbike_strikers, shifters, shifters, ag_tank, protectors, support_artillery, strikers, protectors, retributors",1,B,Player B's Protectors 1,advance,,,-0.4899,-0.4911,-0.0012,,,,,,,False,,,
20260421_001111,2026-04-21T00:11:11.233807,win,objectives,True,"K=4,C=4,M=32,N=6","HoF_ml rank #13 (2000pts): jetbike_protectors_combined, great_elemental, shifters, acolytes, jetbike_protectors, scorchers, protectors, elite_protector, support_artillery, protectors_combined","HoF_ml #10 (1970pts): support_artillery, jetbike_strikers, shifters, shifters, ag_tank, protectors, support_artillery, strikers, protectors, retributors",1,A,Player A's Scorchers,advance,Player B's Shifters 1,,0.4547,0.5154,0.0607,Player A's Scorchers,advance,model chose advance,,Player B's Support Artillery 1,0.0000,False,"36,4",,
20260421_001111,2026-04-21T00:11:11.233828,win,objectives,True,"K=4,C=4,M=32,N=6","HoF_ml rank #13 (2000pts): jetbike_protectors_combined, great_elemental, shifters, acolytes, jetbike_protectors, scorchers, protectors, elite_protector, support_artillery, protectors_combined","HoF_ml #10 (1970pts): support_artillery, jetbike_strikers, shifters, shifters, ag_tank, protectors, support_artillery, strikers, protectors, retributors",2,B,Player B's Shifters 1,advance,,,-0.6092,-0.4751,0.1341,,,,,,,False,,,
20260421_001111,2026-04-21T00:11:11.233845,win,objectives,True,"K=4,C=4,M=32,N=6","HoF_ml rank #13 (2000pts): jetbike_protectors_combined, great_elemental, shifters, acolytes, jetbike_protectors, scorchers, protectors, elite_protector, support_artillery, protectors_combined","HoF_ml #10 (1970pts): support_artillery, jetbike_strikers, shifters, shifters, ag_tank, protectors, support_artillery, strikers, protectors, retributors",2,A,Player A's Protectors (Combined),advance,Player B's Jetbike Strikers,,0.5316,0.6637,0.1321,Player A's Great Elemental,charge,model chose charge,Player B's AG Tank,,0.0000,True,"56,23",Player B's Jetbike Strikers,Player B's Jetbike Strikers
20260421_001111,2026-04-21T00:11:11.233867,win,objectives,True,"K=4,C=4,M=32,N=6","HoF_ml rank #13 (2000pts): jetbike_protectors_combined, great_elemental, shifters, acolytes, jetbike_protectors, scorchers, protectors, elite_protector, support_artillery, protectors_combined","HoF_ml #10 (1970pts): support_artillery, jetbike_strikers, shifters, shifters, ag_tank, protectors, support_artillery, strikers, protectors, retributors",2,B,Player B's AG Tank,advance,,,-0.5819,-0.5843,-0.0024,,,,,,,False,,,
20260421_001111,2026-04-21T00:11:11.233884,win,objectives,True,"K=4,C=4,M=32,N=6","HoF_ml rank #13 (2000pts): jetbike_protectors_combined, great_elemental, shifters, acolytes, jetbike_protectors, scorchers, protectors, elite_protector, support_artillery, protectors_combined","HoF_ml #10 (1970pts): support_artillery, jetbike_strikers, shifters, shifters, ag_tank, protectors, support_artillery, strikers, protectors, retributors",2,A,Player A's Support Artillery,hold,Player B's Retributors,,0.6261,0.6871,0.0610,Player A's Scorchers,advance,model chose advance,,Player B's Shifters 1,0.0000,True,"34,5",Player B's Shifters 2,Player B's Shifters 2
20260421_001111,2026-04-21T00:11:11.233905,win,objectives,True,"K=4,C=4,M=32,N=6","HoF_ml rank #13 (2000pts): jetbike_protectors_combined, great_elemental, shifters, acolytes, jetbike_protectors, scorchers, protectors, elite_protector, support_artillery, protectors_combined","HoF_ml #10 (1970pts): support_artillery, jetbike_strikers, shifters, shifters, ag_tank, protectors, support_artillery, strikers, protectors, retributors",2,B,Player B's Protectors 1,rush,,,-0.6525,-0.6352,0.0172,,,,,,,False,,,
20260421_001111,2026-04-21T00:11:11.233922,win,objectives,True,"K=4,C=4,M=32,N=6","HoF_ml rank #13 (2000pts): jetbike_protectors_combined, great_elemental, shifters, acolytes, jetbike_protectors, scorchers, protectors, elite_protector, support_artillery, protectors_combined","HoF_ml #10 (1970pts): support_artillery, jetbike_strikers, shifters, shifters, ag_tank, protectors, support_artillery, strikers, protectors, retributors",2,A,Player A's Jetbike Protectors,advance,Player B's Shifters 1,,0.6954,0.7358,0.0405,Player A's Jetbike Protectors (Combined),advance,model chose advance,,Player B's Support Artillery 2,0.0000,True,"43,23",Player B's Shifters 1,Player B's Shifters 1
20260421_001111,2026-04-21T00:11:11.233943,win,objectives,True,"K=4,C=4,M=32,N=6","HoF_ml rank #13 (2000pts): jetbike_protectors_combined, great_elemental, shifters, acolytes, jetbike_protectors, scorchers, protectors, elite_protector, support_artillery, protectors_combined","HoF_ml #10 (1970pts): support_artillery, jetbike_strikers, shifters, shifters, ag_tank, protectors, support_artillery, strikers, protectors, retributors",2,B,Player B's Shifters 2,charge,,,-0.6964,-0.6894,0.0070,,,,,,,False,,,
20260421_001111,2026-04-21T00:11:11.233961,win,objectives,True,"K=4,C=4,M=32,N=6","HoF_ml rank #13 (2000pts): jetbike_protectors_combined, great_elemental, shifters, acolytes, jetbike_protectors, scorchers, protectors, elite_protector, support_artillery, protectors_combined","HoF_ml #10 (1970pts): support_artillery, jetbike_strikers, shifters, shifters, ag_tank, protectors, support_artillery, strikers, protectors, retributors",2,A,Player A's Jetbike Protectors (Combined),advance,Player B's AG Tank,,0.6673,0.7108,0.0435,Player A's Jetbike Protectors (Combined),charge,model chose charge,Player B's Support Artillery 2,,0.0000,True,"15,27",Player B's Support Artillery 2,Player B's Support Artillery 2
20260421_001111,2026-04-21T00:11:11.233983,win,objectives,True,"K=4,C=4,M=32,N=6","HoF_ml rank #13 (2000pts): jetbike_protectors_combined, great_elemental, shifters, acolytes, jetbike_protectors, scorchers, protectors, elite_protector, support_artillery, protectors_combined","HoF_ml #10 (1970pts): support_artillery, jetbike_strikers, shifters, shifters, ag_tank, protectors, support_artillery, strikers, protectors, retributors",2,B,Player B's Support Artillery 2,hold,,,-0.7279,-0.6646,0.0633,,,,,,,False,,,
20260421_001111,2026-04-21T00:11:11.234001,win,objectives,True,"K=4,C=4,M=32,N=6","HoF_ml rank #13 (2000pts): jetbike_protectors_combined, great_elemental, shifters, acolytes, jetbike_protectors, scorchers, protectors, elite_protector, support_artillery, protectors_combined","HoF_ml #10 (1970pts): support_artillery, jetbike_strikers, shifters, shifters, ag_tank, protectors, support_artillery, strikers, protectors, retributors",2,A,Player A's Great Elemental,charge,,Player B's AG Tank,0.6465,0.5665,-0.0800,Player A's Great Elemental,charge,model chose charge,Player B's AG Tank,,0.0000,False,,,
20260421_001111,2026-04-21T00:11:11.234040,win,objectives,True,"K=4,C=4,M=32,N=6","HoF_ml rank #13 (2000pts): jetbike_protectors_combined, great_elemental, shifters, acolytes, jetbike_protectors, scorchers, protectors, elite_protector, support_artillery, protectors_combined","HoF_ml #10 (1970pts): support_artillery, jetbike_strikers, shifters, shifters, ag_tank, protectors, support_artillery, strikers, protectors, retributors",2,B,Player B's Retributors,charge,,,-0.5663,-0.5554,0.0109,,,,,,,False,,,
20260421_001111,2026-04-21T00:11:11.234060,win,objectives,True,"K=4,C=4,M=32,N=6","HoF_ml rank #13 (2000pts): jetbike_protectors_combined, great_elemental, shifters, acolytes, jetbike_protectors, scorchers, protectors, elite_protector, support_artillery, protectors_combined","HoF_ml #10 (1970pts): support_artillery, jetbike_strikers, shifters, shifters, ag_tank, protectors, support_artillery, strikers, protectors, retributors",2,B,Player B's Support Artillery 1,hold,,,-0.5554,-0.5053,0.0501,,,,,,,False,,,
20260421_001111,2026-04-21T00:11:11.234078,win,objectives,True,"K=4,C=4,M=32,N=6","HoF_ml rank #13 (2000pts): jetbike_protectors_combined, great_elemental, shifters, acolytes, jetbike_protectors, scorchers, protectors, elite_protector, support_artillery, protectors_combined","HoF_ml #10 (1970pts): support_artillery, jetbike_strikers, shifters, shifters, ag_tank, protectors, support_artillery, strikers, protectors, retributors",3,A,Player A's Support Artillery,hold,Player B's Retributors,,0.4973,0.5690,0.0717,Player A's Protectors (Combined),advance,model chose advance,,Player B's Support Artillery 1,0.0000,True,"34,5",Player B's Shifters 2,Player B's Shifters 2
20260421_001111,2026-04-21T00:11:11.234100,win,objectives,True,"K=4,C=4,M=32,N=6","HoF_ml rank #13 (2000pts): jetbike_protectors_combined, great_elemental, shifters, acolytes, jetbike_protectors, scorchers, protectors, elite_protector, support_artillery, protectors_combined","HoF_ml #10 (1970pts): support_artillery, jetbike_strikers, shifters, shifters, ag_tank, protectors, support_artillery, strikers, protectors, retributors",3,B,Player B's Shifters 2,advance,,,-0.5158,-0.4600,0.0557,,,,,,,False,,,
20260421_001111,2026-04-21T00:11:11.234117,win,objectives,True,"K=4,C=4,M=32,N=6","HoF_ml rank #13 (2000pts): jetbike_protectors_combined, great_elemental, shifters, acolytes, jetbike_protectors, scorchers, protectors, elite_protector, support_artillery, protectors_combined","HoF_ml #10 (1970pts): support_artillery, jetbike_strikers, shifters, shifters, ag_tank, protectors, support_artillery, strikers, protectors, retributors",3,A,Player A's Jetbike Protectors,advance,Player B's Shifters 1,,0.4768,0.5968,0.1200,Player A's Protectors (Combined),advance,model chose advance,,Player B's Shifters 1,0.0000,True,"42,28",Player B's Shifters 1,Player B's Shifters 1
20260421_001111,2026-04-21T00:11:11.234138,win,objectives,True,"K=4,C=4,M=32,N=6","HoF_ml rank #13 (2000pts): jetbike_protectors_combined, great_elemental, shifters, acolytes, jetbike_protectors, scorchers, protectors, elite_protector, support_artillery, protectors_combined","HoF_ml #10 (1970pts): support_artillery, jetbike_strikers, shifters, shifters, ag_tank, protectors, support_artillery, strikers, protectors, retributors",3,B,Player B's Support Artillery 2,hold,,,-0.5256,-0.5376,-0.0120,,,,,,,False,,,
20260421_001111,2026-04-21T00:11:11.234156,win,objectives,True,"K=4,C=4,M=32,N=6","HoF_ml rank #13 (2000pts): jetbike_protectors_combined, great_elemental, shifters, acolytes, jetbike_protectors, scorchers, protectors, elite_protector, support_artillery, protectors_combined","HoF_ml #10 (1970pts): support_artillery, jetbike_strikers, shifters, shifters, ag_tank, protectors, support_artillery, strikers, protectors, retributors",3,A,Player A's Jetbike Protectors (Combined),advance,Player B's Protectors 1,,0.6354,0.6899,0.0545,Player A's Jetbike Protectors (Combined),charge,model chose charge,Player B's Protectors 1,,0.0000,True,"23,32",Player B's Protectors 1,Player B's Protectors 1
20260421_001111,2026-04-21T00:11:11.234177,win,objectives,True,"K=4,C=4,M=32,N=6","HoF_ml rank #13 (2000pts): jetbike_protectors_combined, great_elemental, shifters, acolytes, jetbike_protectors, scorchers, protectors, elite_protector, support_artillery, protectors_combined","HoF_ml #10 (1970pts): support_artillery, jetbike_strikers, shifters, shifters, ag_tank, protectors, support_artillery, strikers, protectors, retributors",3,B,Player B's AG Tank,advance,,,-0.6951,-0.7123,-0.0171,,,,,,,False,,,
20260421_001111,2026-04-21T00:11:11.234194,win,objectives,True,"K=4,C=4,M=32,N=6","HoF_ml rank #13 (2000pts): jetbike_protectors_combined, great_elemental, shifters, acolytes, jetbike_protectors, scorchers, protectors, elite_protector, support_artillery, protectors_combined","HoF_ml #10 (1970pts): support_artillery, jetbike_strikers, shifters, shifters, ag_tank, protectors, support_artillery, strikers, protectors, retributors",3,A,Player A's Great Elemental,charge,,Player B's AG Tank,0.7129,0.7429,0.0300,Player A's Protectors (Combined),advance,model chose advance,,Player B's Support Artillery 1,0.0000,True,,,
20260421_001111,2026-04-21T00:11:11.234213,win,objectives,True,"K=4,C=4,M=32,N=6","HoF_ml rank #13 (2000pts): jetbike_protectors_combined, great_elemental, shifters, acolytes, jetbike_protectors, scorchers, protectors, elite_protector, support_artillery, protectors_combined","HoF_ml #10 (1970pts): support_artillery, jetbike_strikers, shifters, shifters, ag_tank, protectors, support_artillery, strikers, protectors, retributors",3,B,Player B's Support Artillery 1,hold,,,-0.6895,-0.7117,-0.0221,,,,,,,False,,,
20260421_001111,2026-04-21T00:11:11.234231,win,objectives,True,"K=4,C=4,M=32,N=6","HoF_ml rank #13 (2000pts): jetbike_protectors_combined, great_elemental, shifters, acolytes, jetbike_protectors, scorchers, protectors, elite_protector, support_artillery, protectors_combined","HoF_ml #10 (1970pts): support_artillery, jetbike_strikers, shifters, shifters, ag_tank, protectors, support_artillery, strikers, protectors, retributors",3,A,Player A's Protectors (Combined),advance,Player B's Support Artillery 1,,0.7659,0.7722,0.0063,Player A's Protectors (Combined),advance,model chose advance,,Player B's Support Artillery 1,0.0000,False,"53,29",Player B's Support Artillery 1,
20260421_001111,2026-04-21T00:11:11.234252,win,objectives,True,"K=4,C=4,M=32,N=6","HoF_ml rank #13 (2000pts): jetbike_protectors_combined, great_elemental, shifters, acolytes, jetbike_protectors, scorchers, protectors, elite_protector, support_artillery, protectors_combined","HoF_ml #10 (1970pts): support_artillery, jetbike_strikers, shifters, shifters, ag_tank, protectors, support_artillery, strikers, protectors, retributors",4,B,Player B's Shifters 2,advance,,,-0.7459,-0.7783,-0.0324,,,,,,,False,,,
20260421_001111,2026-04-21T00:11:11.234269,win,objectives,True,"K=4,C=4,M=32,N=6","HoF_ml rank #13 (2000pts): jetbike_protectors_combined, great_elemental, shifters, acolytes, jetbike_protectors, scorchers, protectors, elite_protector, support_artillery, protectors_combined","HoF_ml #10 (1970pts): support_artillery, jetbike_strikers, shifters, shifters, ag_tank, protectors, support_artillery, strikers, protectors, retributors",4,A,Player A's Jetbike Protectors,advance,Player B's Shifters 2,,0.7731,0.8322,0.0592,Player A's Protectors (Combined),advance,model chose advance,,Player B's Support Artillery 1,0.0000,True,"37,39",,Player B's Shifters 2
20260421_001111,2026-04-21T00:11:11.234290,win,objectives,True,"K=4,C=4,M=32,N=6","HoF_ml rank #13 (2000pts): jetbike_protectors_combined, great_elemental, shifters, acolytes, jetbike_protectors, scorchers, protectors, elite_protector, support_artillery, protectors_combined","HoF_ml #10 (1970pts): support_artillery, jetbike_strikers, shifters, shifters, ag_tank, protectors, support_artillery, strikers, protectors, retributors",4,B,Player B's Support Artillery 2,hold,,,-0.8553,-0.8660,-0.0107,,,,,,,False,,,
20260421_001111,2026-04-21T00:11:11.234318,win,objectives,True,"K=4,C=4,M=32,N=6","HoF_ml rank #13 (2000pts): jetbike_protectors_combined, great_elemental, shifters, acolytes, jetbike_protectors, scorchers, protectors, elite_protector, support_artillery, protectors_combined","HoF_ml #10 (1970pts): support_artillery, jetbike_strikers, shifters, shifters, ag_tank, protectors, support_artillery, strikers, protectors, retributors",4,A,Player A's Jetbike Protectors (Combined),rush,,,0.8354,0.8997,0.0644,Player A's Jetbike Protectors (Combined),rush,model chose rush,,,0.0000,False,"35,38",,
20260421_001111,2026-04-21T00:11:11.234340,win,objectives,True,"K=4,C=4,M=32,N=6","HoF_ml rank #13 (2000pts): jetbike_protectors_combined, great_elemental, shifters, acolytes, jetbike_protectors, scorchers, protectors, elite_protector, support_artillery, protectors_combined","HoF_ml #10 (1970pts): support_artillery, jetbike_strikers, shifters, shifters, ag_tank, protectors, support_artillery, strikers, protectors, retributors",4,B,Player B's Support Artillery 1,hold,,,-0.9281,-0.9356,-0.0076,,,,,,,False,,,
20260421_001111,2026-04-21T00:11:11.234358,win,objectives,True,"K=4,C=4,M=32,N=6","HoF_ml rank #13 (2000pts): jetbike_protectors_combined, great_elemental, shifters, acolytes, jetbike_protectors, scorchers, protectors, elite_protector, support_artillery, protectors_combined","HoF_ml #10 (1970pts): support_artillery, jetbike_strikers, shifters, shifters, ag_tank, protectors, support_artillery, strikers, protectors, retributors",4,A,Player A's Protectors (Combined),advance,Player B's Support Artillery 1,,0.9046,0.9009,-0.0037,Player A's Support Artillery,hold,artillery holds position,,Player B's Support Artillery 2,0.0000,True,"54,32",Player B's Support Artillery 1,Player B's Support Artillery 1
20260421_001111,2026-04-21T00:11:11.234379,win,objectives,True,"K=4,C=4,M=32,N=6","HoF_ml rank #13 (2000pts): jetbike_protectors_combined, great_elemental, shifters, acolytes, jetbike_protectors, scorchers, protectors, elite_protector, support_artillery, protectors_combined","HoF_ml #10 (1970pts): support_artillery, jetbike_strikers, shifters, shifters, ag_tank, protectors, support_artillery, strikers, protectors, retributors",4,A,Player A's Support Artillery,hold,Player B's Support Artillery 2,,0.9009,0.9080,0.0071,Player A's Support Artillery,hold,artillery holds position,,Player B's Support Artillery 2,0.0000,False,"34,5",Player B's Support Artillery 2,Player B's Support Artillery 2
20260421_001111,2026-04-21T00:11:11.234400,win,objectives,True,"K=4,C=4,M=32,N=6","HoF_ml rank #13 (2000pts): jetbike_protectors_combined, great_elemental, shifters, acolytes, jetbike_protectors, scorchers, protectors, elite_protector, support_artillery, protectors_combined","HoF_ml #10 (1970pts): support_artillery, jetbike_strikers, shifters, shifters, ag_tank, protectors, support_artillery, strikers, protectors, retributors",4,A,Player A's Great Elemental,charge,,Player B's Support Artillery 2,0.9080,0.9019,-0.0061,Player A's Great Elemental,charge,model chose charge,Player B's Support Artillery 2,,0.0000,False,,,
